File Path;Name;Description;Family;Number
/SodaCan_1.png;Blossoming Aqua Surge;Eternal waves bloom with timeless beauty.;ocean;1
/SodaCan_2.png;Aqua Vortex Can;Elegantly cloaked brew, a tidal art embrace.;ocean;2
/SodaCan_3.png;Cerulean Tsunami Vessel;A wave-adorned can, encapsulating the fury and grace of the sea.;ocean;3
/SodaCan_4.png;Aqua Elegance Swirl;Ornate waves adorn this mystic vessel.;ocean;4
/SodaCan_5.png;Surging Crest Soda;Fluid artistry enfolds a vessel, encapsulating the ocean's raw power.;ocean;5
/SodaCan_6.png;Oceanic Essence Can;Swirling waves captured on aluminum, a dance of the sea's spirit.;ocean;6
/SodaCan_7.png;Aqua Swirl Elixir;Intricate waves enwrap a mysterious vintage brew.;ocean;7
/SodaCan_8.png;Aegean Wave Vessel;Mystic sea waves swirl on a timeless vessel.;ocean;8
/SodaCan_9.png;Aquafloral Tsunami Can;The swell of botanical elegance.;ocean;9
/SodaCan_10.png;Aquafloral Vortex Can;Serene waves embrace vivid florals, encapsulating nature's dance.;ocean;10
/SodaCan_11.png;Blossom Tsunami Dreams;A floral fantasy amidst a cresting azure wave.;ocean;11
/SodaCan_12.png;Oceanic Brew Vortex;Surreal sea waves encapsulate an enigmatic beverage can.;ocean;12
/SodaCan_13.png;Oceanic Canvass Swell;Serene waves immortalized on aluminum.;ocean;13
/SodaCan_14.png;Tsunami Art Can;Sweeping waves adorn this collectible can, merging art with utility.;ocean;14
/SodaCan_15.png;Floral Bull Brew;Enigmatic bull adorned in vibrant flora.;bull;15
/SodaCan_16.png;Floral Bull Grace;A bull's serene gaze amidst vibrant blooms.;bull;16
/SodaCan_17.png;Floral Bovine Harmony;Mystical bovine adorned with vibrant blooms.;bull;17
/SodaCan_18.png;Floral Bull Spirit;Mystic bull adorned with autumn blooms.;bull;18
/SodaCan_19.png;Cosmic Taurine Soda;Space-infused bovine majesty.;bull;19
/SodaCan_20.png;Mystical Bovine Brew;An enigmatic ox adorns this ornate vessel, hinting at mythical elixirs within.;bull;20
/SodaCan_21.png;Bovine Brew Majesty;Mystical fusion of strength and spirit in a can.;bull;21
/SodaCan_22.png;Mystic Bovine Brew;A fusion of fierce gaze and spirited artistry—the liquid talisman.;bull;22
/SodaCan_23.png;Mystic Bull Brew 1;A vibrant fusion of tribal art and modern design encapsulates strength and mystique.;bull;23
/SodaCan_24.png;Mystic Taurine Elixir;Enigmatic fusion of totemic strength and psychedelic swirls.;bull;24
/SodaCan_25.png;Mystic Bull Brew 2;Enigmatic elixir encased in art.;bull;25
/SodaCan_26.png;Mystic Bull Brew;Enigmatic potion encased in a can, crowned by a mythic bull spirit.;bull;26
/SodaCan_27.png;Mystic Bull Essence;Enigmatic can-bound bovine deity.;bull;27
/SodaCan_28.png;Mystical Bull Brew;Enchanting elixir encased in mighty bull imagery.;bull;28
/SodaCan_29.png;Majestic Bull Can;Ornate bovine power encased in mystique.;bull;29
/SodaCan_30.png;Mythic Flame Bull;A majestic bull adorned with fiery artistry, encapsulating untamed spirit.;bull;30
/SodaCan_31.png;Chromatic Bull Can;Vivid hues encapsulate bovine boldness.;bull;31
/SodaCan_32.png;Spectrum Taurine Can;A vibrant bull encapsulated in liquid artistry.;bull;32
/SodaCan_33.png;Bovine Spectrum Can;A vibrant highland cow emerges from a kaleidoscope can.;bull;33
/SodaCan_34.png;Spectrum Steer Can;A vibrant bull, canned in colors.;bull;34
/SodaCan_35.png;Mystic Can Guardian;An enigmatic protector emerges, embodying the ancient can's spirit.;monster;35
/SodaCan_36.png;Totem Energy Drink;A vibrantly monstrous thirst-quencher.;monster;36
/SodaCan_37.png;Enchanted Emberling Totem;Mystical totem sprouting life and fire.;monster;37
/SodaCan_38.png;Mystic Arbor Guardian;Enchanting forest sentinel.;monster;38
/SodaCan_39.png;Cerebral Brew Monster;Enigmatic elixir guardian.;monster;39
/SodaCan_40.png;Mystic Flame Keeper;Guardian of ancient infernal wisdom.;monster;40
/SodaCan_41.png;Mystical Autumn Guardian;Enigmatic entity amidst fall foliage.;monster;41
/SodaCan_42.png;Mystic Brew Guardian 1;Enchanted can be a sentient gaze.;monster;42
/SodaCan_43.png;Mythical Brew Guardian;An ethereal, vibrant guardian emerges, ensnaring imagination in aluminum.;monster;43
/SodaCan_44.png;Mystic Fizz Guardian;Enchanted elixir's whimsical protector.;monster;44
/SodaCan_45.png;Chromatic Creature Can;Vibrant monster-populated beverage container.;monster;45
/SodaCan_46.png;Eldritch Soda Cryptid;Mystical creatures captured in vibrant artistry.;monster;46
/SodaCan_47.png;Enchanted Elixir Guardian;The mysterious protector of the mystical brew awakened from the can's vibrant curse.;monster;47
/SodaCan_48.png;Mystic Brew Guardian 2;Enigmatic sentinel of flavor.;monster;48
/SodaCan_49.png;Cryptic Can Critter;Enigmatic beverage guardian.;monster;49
/SodaCan_50.png;Mystic Gaze Soda 3;Enchanted vessel with a whimsical charm.;monster;50
/SodaCan_51.png;Mystic Brew Guardian 3;Enchanted elixir's fierce protector.;monster;51
/SodaCan_52.png;Bubbly Scales Sparkle;Quirky fizz-guardian of joy!;monster;52
/SodaCan_53.png;Aqua Fang Brew;Quenching monstrous thirsts.;monster;53
/SodaCan_54.png;Mystic Brew Beast;A vibrant creature encapsulated in an arcane potion!;monster;54
/SodaCan_55.png;Ferocious Fizz Fiend 5;Monstrous soda can erupt with wild, untamed flavor!;monster;55
/SodaCan_56.png;Mystic Soda Guardian;Enchanted can protect mystical realms.;monster;56
/SodaCan_57.png;Tiki Can Terror;An animated can personifies primal fear.;monster;57
/SodaCan_58.png;Totemic Thirst Sentinel;Ancient guardians unleashed, thirsting for souls.;monster;58
/SodaCan_59.png;Azure Guardian Grin;Mystical totem creature with an enigmatic smile.;monster;59
/SodaCan_60.png;Azurite Dragon Totem;Mystical guardian unleashed.;monster;60
/SodaCan_61.png;Totemic Thirst Quencher;Ancient thirst, modern vessel.;monster;61
/SodaCan_62.png;Aqua Totem Thirst;Mystic thirst-quenching relic.;monster;62
/SodaCan_63.png;Tiki Giggle Goblet;Eccentric laughter incarnate.;monster;63
/SodaCan_64.png;Chimeric Soda Chuckle;An enigmatic jar's laughter echoes, weaving mystic tales.;monster;64
/SodaCan_65.png;Azure Mystic Grin;An enigmatic smile illuminates ancient secrets.;monster;65
/SodaCan_66.png;Flamehorn Soda;Fiery-eyed bovine graces this can, merging wild spirit with urban chic.;bull;66
/SodaCan_67.png;Mystic Flora Bull;An enchanting bovine amid autumn's whisper.;bull;67
/SodaCan_68.png;Mythic Brew Bull;A mystical bull adorned with vibrant, swirling patterns—imbued with the spirit of ancient legends.;bull;68
/SodaCan_69.png;Mystic Flame Bull;Ethereal beast captured in flames.;bull;69
/SodaCan_70.png;Spectrum Bovine Brew;A fusion of vibrant hues and stoic bovine mystique, canned.;bull;70
/SodaCan_71.png;Cosmic Monster Soda;Mystical vessel pulsing with stardust energy.;monster;71
/SodaCan_72.png;Abyssal Soda Totem;Enigmatic totem art encapsulated in a can.;monster;72
/SodaCan_73.png;Ferocious Fizz Monster;Ancient thirst unleashed.;monster;73
/SodaCan_74.png;Ferocious Fizz Guardian 2;A can with a monstrous spirit, guarding an effervescent secret.;monster;74
/SodaCan_75.png;Ferocious Fizz Fiend 6;A vibrant, monster-wrapped can.;monster;75
/SodaCan_76.png;Abyssal Beverage Behemoth;A vibrant, monstrous can with a threatening, yet whimsical, demeanor.;monster;76
/SodaCan_77.png;Feral Fizz Monster;An untamed refreshment beast unleashed.;monster;77
/SodaCan_78.png;Enchanted Frost Spirit;A whimsical being celebrates amidst a vibrant wintery dreamscape.;snowman;78
/SodaCan_79.png;Cosmic Joy Emissary;A mystical being radiates happiness across vibrant, otherworldly vistas.;snowman;79
/SodaCan_80.png;Cosmic Soda Sprite 2;A whimsical creature nestled in an effervescent universe-in-a-can.;snowman;80
/SodaCan_81.png;Cosmic Sprout Canopy;A whimsical entity basks in a vibrant, cosmic garden.;snowman;81
/SodaCan_82.png;Celestial Dreamer's Brew;A whimsical entity toasts the cosmos from an enchanted can.;snowman;82
/SodaCan_83.png;Citrus Monster Brew;Fierce flavor unleashed!;monster;83
/SodaCan_84.png;Ferocious Fizz Guard;Thirst-quenching defender arises from the carbonated depths.;monster;84
/SodaCan_85.png;Mystic Feathered Brew;Enigmatic owl can adorned in vibrant plumage art.;monster;85
/SodaCan_86.png;Cansaurus Vibrant Roar;Vibrant beast unleashed from a can.;monster;86
/SodaCan_87.png;Cosmic Soda Sentinel;A quirky guardian in an effervescent cosmos.;snowman;87
/SodaCan_88.png;Frosty Can Fable;A whimsical soda creature captivating frosty friends.;snowman;88
/SodaCan_89.png;SodaPeak Gleefulness;A can's mountainous grin.;snowman;89
/SodaCan_90.png;Cosmic Smiles Can;An otherworldly beverage, brimming with joyous cosmic vistas.;snowman;90
/SodaCan_91.png;Celestial Sprout Harmony;Mystic creatures bask in stellar serenity.;snowman;91
/SodaCan_92.png;Cosmic Kinship Soda;Alien family amidst celestial swirls.;snowman;92
/SodaCan_93.png;Cosmic Kindred Spirits;Intergalactic family amidst cosmic waves, a glimpse into alien unity.;snowman;93
/SodaCan_94.png;Galactic Dreamscape Ale;A cosmic brew, swirling with stardust and whimsy.;snowman;94
/SodaCan_95.png;Mirthful Nature's Can;Vivid, whimsical flora dance under a moonlit sky.;snowman;95
/SodaCan_96.png;Cosmic Canopy Cascade;Surreal worlds unfurl in vibrant liquid dreams.;snowman;96
/SodaCan_97.png;Cosmic Sodapop Visions;A mystical journey in a can, where galaxies meet soda fizz.;snowman;97
/SodaCan_98.png;Fizzy Monster Mirth;A jolly can-creature frolics in a wintery sprite night.;snowman;98
/SodaCan_99.png;Monster Soda Surprise 2;An animated soda can unveils a playful creature within a mystical landscape.;snowman;99
/SodaCan_100.png;Soda Monster Mirth;Quirky creature's canned joy!;snowman;100
/SodaCan_101.png;Gulp Monster Can;The thirst-quenching terror unleashed.;snowman;101
/SodaCan_102.png;Cosmic Soda Peaks;Fizzing with cosmic chill.;snowman;102
/SodaCan_103.png;Fizzy Peak Elixir;Enchanted soda can beneath a starlit sky.;snowman;103
/SodaCan_104.png;Mountain Murmur Mirth;A whimsical can encapsulate laughter and landscape.;snowman;104
/SodaCan_105.png;Mirthful Monster Mash;A playful clash of vibrant, quirky characters in a can!;snowman;105
/SodaCan_106.png;Monster Soda Surprise 1;Quirky can creature bubbling with fun!;snowman;106
/SodaCan_107.png;Thirsty Monster Fizz;Quenching monstrous thirsts!;snowman;107
/SodaCan_108.png;Aqua Monster Brew;Sip into the abyss.;snowman;108
/SodaCan_109.png;Fizzing Monster Brew;An eccentric creature oozing with a lively personality!;snowman;109
/SodaCan_110.png;Aqua Serenade Soda;Enchanted marine life dances under a moonlit symphony.;snowman;110
/SodaCan_111.png;Cosmic Soda Nebula;A vibrant can where cosmic waves and a cheerful star converge.;snowman;111
/SodaCan_112.png;Enchanted Cosmic Bloom;A vibrant can art, where cosmic whimsy meets flora.;snowman;112
/SodaCan_113.png;Cosmic Sodapop Dreams;Whimsical beverages can teem with vibrant, dreamlike fantasy.;snowman;113
/SodaCan_114.png;Monstrous Mirth Can;Vibrant canister harboring a jovial beast within.;monster;114
/SodaCan_115.png;Cosmic Soda Sprite 1;An interstellar soda-can entity frolics amidst snowy peaks.;snowman;115
/SodaCan_116.png;Arctic Essence Soda 1;Majestic polar sentinel, forever encased.;polar bear;116
/SodaCan_117.png;Arctic Sentinel Brew 1;A polar guardian's icy gaze, encapsulated in frosted metal.;polar bear;117
/SodaCan_118.png;Arctic Sentinel Can 1;Majestic polar bear guardian, encapsulated in icy serenity.;polar bear;118
/SodaCan_119.png;Chilled Arctic Sentinel;An imposing polar bear stands guard within a frosty canister.;polar bear;119
/SodaCan_120.png;Arctic Majesty Soda;Frozen wilderness encapsulated.;polar bear;120
/SodaCan_121.png;Arctic Essence Captured 1;A polar bear's spirit, forever encased in a frosted vessel.;polar bear;121
/SodaCan_122.png;Frosted Polar Essence;A polar bear's mystical emergence from a frosted can, illuminates winter's magic.;polar bear;122
/SodaCan_123.png;Arctic Essence Brew;A polar bear is immortalized in a can, symbolizing nature's frozen purity.;polar bear;123
/SodaCan_124.png;Arctic Essence Can 1;The polar bear's wintry spirit is captured in frosted aluminum.;polar bear;124
/SodaCan_125.png;Arctic Sovereign Can;Majestic polar bear towering over its frosty realm.;polar bear;125
/SodaCan_126.png;Arctic Sovereign Sentinel 1;A majestic polar bear guards its icy realm.;polar bear;126
/SodaCan_127.png;Arctic Sentinel Brew 2;Majestic polar guardian graces this frosty brew can.;polar bear;127
/SodaCan_128.png;Arctic Sentinel Majesty;Majestic guardian of icy realms.;polar bear;128
/SodaCan_129.png;Frost Sovereign Sentinel;Majestic bear guards icy realm.;polar bear;129
/SodaCan_130.png;Arctic Sentinel Can 2;Majestic polar bear guards frosty wilderness.;polar bear;130
/SodaCan_131.png;Arctic Sovereign Sentinel 2;Majestic bear guards frosty realm.;polar bear;131
/SodaCan_132.png;Arctic Sovereign Sentinel 3;Majestic guardian of frost realms.;polar bear;132
/SodaCan_133.png;Arctic Essence Can 2;A cub preserved in icy serenity.;polar bear;133
/SodaCan_134.png;Arctic Can Cub;Chill in the wilderness.;polar bear;134
/SodaCan_135.png;Arctic Essence Can 3;A polar cub in a can symbolizes frozen innocence.;polar bear;135
/SodaCan_136.png;Arctic Essence Soda 2;Preserved polar innocence.;polar bear;136
/SodaCan_137.png;Mystic Jungle King;The vibrant lion's spirit is captured in psychedelic colors.;monkey;137
/SodaCan_138.png;Primal Gaze Thirst;A stoic simian's visage, encapsulated in vibrant pop art, thirsting for attention.;monkey;138
/SodaCan_139.png;Primal Sip Sovereign;A can cloaked in primal power, eyes ablaze with silent tales.;monkey;139
/SodaCan_140.png;Chromatic Monkey Gaze;A vibrant, soulful stare captured amidst psychedelic swirls.;monkey;140
/SodaCan_141.png;Mystic Feline Aura;An enchanting, vividly colored lion's essence captured on a can.;monkey;141
/SodaCan_142.png;Psychedelic Primal Gaze;Mystic beast in a vibrant trance.;monkey;142
/SodaCan_143.png;Mystic Primate Elixir 1;A vibrant symphony in a can.;monkey;143
/SodaCan_144.png;Mystic Spectrum Simian;Vibrant tribal mandrill, encased in artistry.;monkey;144
/SodaCan_145.png;Vivid Primate Elixir;A psychedelic simian vision in a can.;monkey;145
/SodaCan_146.png;Mystic Primate Elixir 2;Enigmatic, vibrant simian spirit captured in artful serenity.;monkey;146
/SodaCan_147.png;Mystic Feline Brew;Enchanting psychedelic lion can.;monkey;147
/SodaCan_148.png;Mystic Primal Gaze;Vibrant tribal wisdom is captured in a mesmerizing artwork.;monkey;148
/SodaCan_149.png;Mystical Mandrill Mosaic;Vibrant soul in aluminum.;monkey;149
/SodaCan_150.png;Mystic Feral Brew 1;A vibrant, mystical beast invites intrigue in a liquid canvas.;monkey;150
/SodaCan_151.png;Mystic Primal Sip;A vibrantly psychedelic simian adorns this can, offering a taste of wild imagination.;monkey;151
/SodaCan_152.png;Mythical Spectrum Simian;A vibrant mandrill mystique.;monkey;152
/SodaCan_153.png;Mystic Lion Brew;A vibrant fusion of artistry and spirit on a can.;monkey;153
/SodaCan_154.png;Mystic Mandala Mane;Enigmatic lion graced with kaleidoscopic tribal artistry.;monkey;154
/SodaCan_155.png;Chromatic Primate Mystique;Vividly-hued simian gazes, encapsulating wild artistry.;monkey;155
/SodaCan_156.png;Flame-Maned Monarch;Vibrant lion king captured in a can.;monkey;156
/SodaCan_157.png;Floral Lion Essence;Vivid hues capture a lion's spirit amidst autumn's bloom.;monkey;157
/SodaCan_158.png;Prismatic Apex Can;Vibrant beast in repose encased in aluminum.;monkey;158
/SodaCan_159.png;Chromatic Primal Essence;A psychedelic journey into the soul of nature's untamed spirit.;monkey;159
/SodaCan_160.png;Mystic Feral Brew 2;Enigmatic eyes guard the elixir within.;monkey;160
/SodaCan_161.png;Mystic Primal Brew;An ancient beast's gaze, mystically captured on a vibrant vessel.;monkey;161
/SodaCan_162.png;Mystic Mane Majesty;Vibrant lion spirit encased in artistry.;monkey;162
/SodaCan_163.png;Prismatic Ape Majesty;A vibrant, tribal visage—Mystique in every hue.;monkey;163
/SodaCan_164.png;Mystic Lion Brew;An ethereal lion, adorning vibrant wisdom, guarding the sacred elixir.;monkey;164
/SodaCan_165.png;Mystic Mandala Monkey;Color-drenched simian royalty: an NFT steeped in mystique.;monkey;165
/SodaCan_166.png;Patriotic Primate Pride;A can emblazoned with a solemn gorilla amid stars and stripes.;monkey;166
/SodaCan_167.png;Patriotic Primate Brew 1;Intrepid gaze captured in aluminum: freedom sips inspiration.;monkey;167
/SodaCan_168.png;Patriotic Primate Power 1;A striking fusion of raw strength and national spirit encapsulated.;monkey;168
/SodaCan_169.png;Primate Patriot Pop;A solemn simian emblazoned with vibrant valor.;monkey;169
/SodaCan_170.png;Patriotic Primal Gaze 1;An intense fusion of wild spirit and bold symbolism.;monkey;170
/SodaCan_171.png;Primal Artistry Brew;Vibrant primal gaze encapsulated in a psychedelic liquid canvas.;monkey;171
/SodaCan_172.png;Patriotic Primate Ponder;Mystique in a can, where untold stories of simian sovereignty unfold.;monkey;172
/SodaCan_173.png;Patriotic Primate Can 1;Primal gaze wrapped in stars and stripes.;monkey;173
/SodaCan_174.png;Primal Gaze Soda 1;Enigmatic ape eyes enthrall, encased in vibrant artistry.;monkey;174
/SodaCan_175.png;Patriotic Primate Power 2;An iconic blend of Americana and animal majesty.;monkey;175
/SodaCan_176.png;Patriotic Primate Pint;Cosmic gorilla enshrined in star-spangled serenity.;monkey;176
/SodaCan_177.png;Patriotic Primate Brew 2;A stoic gorilla adorned in stars and stripes encapsulates a wild spirit.;monkey;177
/SodaCan_178.png;Patriotic Primate Can 2;A stoic simian symbolizing strength and spirit.;monkey;178
/SodaCan_179.png;Patriotic Primate Can 3;A stirring fusion of wildlife and national pride emblazoned on aluminum.;monkey;179
/SodaCan_180.png;Patriotic Primate Portent;A stoic simian symbolizes untold tales of valor and enigma.;monkey;180
/SodaCan_181.png;Primal Gaze Elixir;Intense, mystic primate adorns a vibrant vessel.;monkey;181
/SodaCan_182.png;Patriotic Primate Prowess;A gaze of freedom: untamed spirit encased.;monkey;182
/SodaCan_183.png;Primal Gaze Soda 2;Intense simian eyes, canned wildness.;monkey;183
/SodaCan_184.png;Primal Sip Visionary;A brooding ape adorns this can, embodying wild wisdom and untamed spirit.;monkey;184
/SodaCan_185.png;Patriotic Primal Gaze 2;The mystical ape's stare captivates from a star-spangled canvas.;monkey;185
/SodaCan_186.png;Primal Gaze Soda;A fusion of wild instinct and pop culture.;monkey;186
/SodaCan_187.png;Primal Gaze Energy;A stoic simian's visage, melding wild instinct with urban flair.;monkey;187
/SodaCan_188.png;Primal Soda Spirit;Enigmatic simian gaze, canned.;monkey;188
/SodaCan_189.png;Primal Star Vessel;Cosmic energy trapped in primal gaze.;monkey;189
/SodaCan_190.png;Cosmic Primate Elixir;Intergalactic ape brew, star-infused vitality.;monkey;190
/SodaCan_191.png;Psychedelic Canine Quench;A vibrant fusion of art and loyalty in a can.;dog;191
/SodaCan_192.png;Spectral Canine Canvas;A vibrant, pop-art pooch adorns this collectible can.;dog;192
/SodaCan_193.png;Cosmic Canine Brew 1;Vibrant hues capture a starry-eyed pup's cosmic journey.;dog;193
/SodaCan_194.png;Mystic Canine Canvas 1;An enigmatic fusion of tribal art and canine spirit, captured in aluminum.;dog;194
/SodaCan_195.png;Canine Constellations Series 1;A vibrant pug encapsulated in cosmic artistry.;dog;195
/SodaCan_196.png;Vibrant Canine Elixir;Whimsical hues enliven a dog's gaze, captured in a can.;dog;196
/SodaCan_197.png;Mystical Canine Canvas;Enigmatic pup adorned in tribal art, encapsulating ancestral spirits.;dog;197
/SodaCan_198.png;Cosmic Canine Concoction;The vibrant pup's psychedelic swirls entice.;dog;198
/SodaCan_199.png;Kaleidoscope Canine Cool;Vivid pop-art pooch on a can.;dog;199
/SodaCan_200.png;Vibrant Canine Canvas;A pop-art pup in a kaleidoscope of colors, expressing the fusion of art and the digital age.;dog;200
/SodaCan_201.png;Psychedelic Pup Can;Vibrant dog unleashed in colors.;dog;201
/SodaCan_202.png;Spectrum Sentinel Canine;Vibrant guardian in a can.;dog;202
/SodaCan_203.png;Canine Spectrum Vision;Vivid hues paint a dog's dream.;dog;203
/SodaCan_204.png;Cosmic Canine Quench 1;Interstellar thirst meets vibrant guardian.;dog;204
/SodaCan_205.png;Psychedelic Canine Spirit;Vibrant mandala-infused guardian.;dog;205
/SodaCan_206.png;Kaleidoscope Canine Quencher;Vibrant thirst for playfulness.;dog;206
/SodaCan_207.png;Chromatic Canine Quench;Vibrant thirst for artistry.;dog;207
/SodaCan_208.png;Tribe Canine Canvas;Vibrant dog-inspired art-can, fusing tradition with modernity.;dog;208
/SodaCan_209.png;Psychedelic Pup Can;Vibrant canine artistry in aluminum.;dog;209
/SodaCan_210.png;Cosmic Canine Brew 2;Pop art meets mysticism in a vibrant, dog-adorned vessel.;dog;210
/SodaCan_211.png;Canine Cosmic Tapestry;A vibrant pup amid a celestial floral dreamscape.;dog;211
/SodaCan_212.png;Mystic Canine Canvas 2;A vibrant fusion of art and soul in a whimsical dog portrait.;dog;212
/SodaCan_213.png;Psychedelic Canine Canvas;Vibrant Frenchie adorns a surreal, floral dreamscape.;dog;213
/SodaCan_214.png;Mystic Canine Canvas 3;A vibrant, psychedelic portrayal of a dog's spirit.;dog;214
/SodaCan_215.png;Mystic Canine Canvas 4;A soda can transformed into a tapestry of vibrant tribal dog art.;dog;215
/SodaCan_216.png;Ethereal Canine Vessel;Mystic gaze from a vibrant vessel.;dog;216
/SodaCan_217.png;Canine Chroma Quencher;A vibrant blend of artistry and spirit, encapsulated in a whimsical dog vessel.;dog;217
/SodaCan_218.png;Canine Constellations Series 2;A vivid, cosmic-spaniel fusion, encapsulating the universe's colorful wonder.;dog;218
/SodaCan_219.png;Cosmic Canine Quench 2;A vibrant, psychedelic pup encapsulates a thirst for the extraordinary.;dog;219
/SodaCan_220.png;Canine Chroma Quench;Vivid hues capture a dog's spirit, canned in psychedelic artistry.;dog;220
/SodaCan_221.png;Cosmic Canine Quencher;A psychedelic pop in a vibrant, cosmic wrapper, popping with color.;dog;221
/SodaCan_222.png;Canine Constellations Series 3;An artistic fusion of vibrant cosmos and stoic canine on a sleek canvas.;dog;222
/SodaCan_223.png;Spectral Spaniel Swirl;A vibrant, psychedelic canine portrait.;dog;223
/SodaCan_224.png;Cosmic Canine Swirl 1;A vibrant swirl of cosmic hues and canine gaze.;dog;224
/SodaCan_225.png;Cosmic Canine Swirl 2;A vibrant vortex of doggy dreams captured in psychedelic artistry.;dog;225
/SodaCan_226.png;Psychedelic Spaniel Swirl;Vivid canine artistry encapsulated.;dog;226
/SodaCan_227.png;Canine Constellations Series 4;A vibrant, soulful pup encased in psychedelic hues.;dog;227
/SodaCan_228.png;Floral Raptor Gaze;Eagle spirit enshrined in vibrant bloom.;bird;228
/SodaCan_229.png;Mystical Canine Cosmos;A vibrant fusion of a pensive pup amidst a psychedelic tapestry of space.;dog;229
/SodaCan_230.png;Tribal Canine Canvas;Vibrant totem art fused into the modern medium.;dog;230
/SodaCan_231.png;Tribal Canine Spirit;Mystical guardian in vibrant hues, standing timeless in digital folklore.;dog;231
/SodaCan_232.png;Canine Cosmic Canvas;Enigmatic dog adorned with vibrant cosmic patterns, exuding mystic charm.;dog;232
/SodaCan_233.png;Mystic Canine Bloom;A vibrant fusion of flora and fauna in a captivating canine silhouette.;dog;233
/SodaCan_234.png;Ethereal Avian Bloom;Vivid phoenix rebirth on a can.;bird;234
/SodaCan_235.png;Floral Raptor Essence;Vivid blossoms merge with an eagle's gaze.;bird;235
/SodaCan_236.png;Vibrant Avian Aegis;A vivid tapestry of nature's guardian immortalized on aluminum canvas.;bird;236
/SodaCan_237.png;Avian Bloom Soda;Vibrant eagle adorned with florals, encased in artistry.;bird;237
/SodaCan_238.png;Blossom Raptor Can;A vibrant fusion of wild flora and avian grace, encased in aluminum art.;bird;238
/SodaCan_239.png;Ethereal Avian Blossom;Vibrant eagle in floral eden.;bird;239
/SodaCan_240.png;Fabled Feathered Brew;Vibrant mythic avian graces this unique artisanal can.;bird;240
/SodaCan_241.png;Vivid Dreamscape Soda;Surreal colors swirl on this mesmerizing, joy-infused art can.;snowman;241
/SodaCan_242.png;Vibrant Avian Majesty;Feathers bloom amidst flora—artistic splendor captured.;bird;242
/SodaCan_243.png;Vibrant Avian Bloom;Artistic fusion of wildlife and flora on a canvas of aluminum.;bird;243
/SodaCan_244.png;Mystic Feathered Elixir;Vibrant avian fantasy captured on a mystical can.;bird;244
/SodaCan_245.png;Floral Raptor Can;A vibrant fusion of wild nature and art.;bird;245
/SodaCan_246.png;Mystic Dreamcatcher Eagle;Vibrant guardian spirit encased in artistry.;bird;246
/SodaCan_247.png;Chromatic Avian Aura;Vividly-colored phoenix encapsulating rebirth in art.;bird;247
/SodaCan_248.png;Mystic Mountain Brew;Elixir of alpine joy.;snowman;248
/SodaCan_249.png;Floral Phoenix Can;Vibrant fusion of nature and myth.;bird;249
/SodaCan_250.png;Vibrant Avian Essence;A fusion of wildlife and artistry, encapsulated.;bird;250
/SodaCan_251.png;Psychedelic Avian Elixir;Vibrant feathers bloom a canned canvas of mystique.;bird;251
/SodaCan_252.png;Vibrant Avian Elixir 1;A fusion of flora and bird, encapsulating nature's vibrant tapestry.;bird;252
/SodaCan_253.png;Vibrant Avian Aura;Psychedelic hues encapsulate the eagle's fierce spirit.;bird;253
/SodaCan_254.png;Vibrant Avian Elixir 2;A mystical beverage can adorned with a psychedelic feathered guardian.;bird;254
/SodaCan_255.png;Mystic Scaled Bloom;A can adorned with a vivid, mythical reptile amidst flourishing blooms.;gecko;255
/SodaCan_256.png;Gecko Mystic Guardian;Enigmatic totem artistry encased.;gecko;256
/SodaCan_257.png;Psychedelic Gecko Can;Mesmerizing, vibrant lizard art encapsulated in a can.;gecko;257
/SodaCan_258.png;Ethereal Elevation Gecko;Enigmatic gecko draped in tattoo art.;gecko;258
/SodaCan_259.png;Mystic Gecko Soda;A psychedelic fusion of reptilian mystique in a can.;gecko;259
/SodaCan_260.png;Tattooed Gecko Totem;Intricate patterns cloak a mystical amphibian with enigmatic allure.;gecko;260
/SodaCan_261.png;Mythic Draconic Brew;Unleash legendary flavors.;gecko;261
/SodaCan_262.png;Mystical Amphibian Aura;An enchanting totem of frog-inspired artistry and myth.;gecko;262
/SodaCan_263.png;Chromatic Gecko Essence;A mystical gecko adorned in vibrant tattoo artistry.;gecko;263
/SodaCan_264.png;Polar Can Essence;Arctic mystery in aluminum.;polar bear;264
/SodaCan_265.png;Mystic Amphibia Enigma;A captivating, otherworldly amphibian shrouded in ornate mystique.;gecko;265
/SodaCan_266.png;Arctic Sentinel Can 3;Majestic polar guardian encapsulated.;polar bear;266
/SodaCan_267.png;Arctic Essence Captured 2;Polar bear mystique, enshrined in icy blue.;polar bear;267
/SodaCan_268.png;Arctic Sentinel Ale;Majestic bear guards frosty realms, captured on a crisp can canvas.;polar bear;268
/SodaCan_269.png;Frost Monarch Soda;Majestic polar sentinel in a frosted realm.;polar bear;269
/SodaCan_270.png;Arctic Essence Capsule;A polar cub's frozen sanctuary, encased in time.;polar bear;270
/SodaCan_271.png;Arctic Can Guardian;A frosty sentinel emerges, encased in icy aluminum.;polar bear;271
/SodaCan_272.png;Arctic Essence Vessel;A polar bear embodied in a can, capturing the frozen wilderness.;polar bear;272
/SodaCan_273.png;Mystic Gecko Oracle;A gecko's enigmatic smile, adorned in psychedelic artistry.;gecko;273
/SodaCan_274.png;Chromatic Gecko Aura;Vividly inked energy encased in metal.;gecko;274
/SodaCan_275.png;Chromatic Gecko 1;Vividly tattooed, this chameleon can radiate enigmatic allure.;gecko;275
/SodaCan_276.png;Chromatic Gecko Burst;Vibrant gecko magic encapsulated.;gecko;276
/SodaCan_277.png;Chromatic Gecko 2;A vivid vessel, alive with enchanting reptilian artistry.;gecko;277
/SodaCan_278.png;Chromatic Gecko Vision;A vivid, artistic chameleon merging nature with fantasy.;gecko;278
/SodaCan_279.png;Peak Phantom Gecko;Enchanted gecko-guarded vessel of secrets.;gecko;279
/SodaCan_280.png;Mystic Gecko Elixir;Enchanting tribal wisdom captured.;gecko;280
/SodaCan_281.png;Mystic Totem Vision;Enigmatic gaze from an intricately patterned artifact.;gecko;281
/SodaCan_282.png;Mystic Gaze Gecko 1;Ornate enigma vessel whispers ancient tales.;gecko;282
/SodaCan_283.png;Mystic Canthropus Aura;Enigmatic tribal totem, alive in color.;gecko;283
/SodaCan_284.png;Mystic Visionary Vessel;Enigmatic tribal art dances on a canvas of curves.;gecko;284
/SodaCan_285.png;Mystic Totem Gecko;An enigmatic owl totem, adorned with ancient wisdom.;gecko;285
/SodaCan_286.png;Mystic Tribal Sentinel;Vibrant guardianship etched in art.;gecko;286
/SodaCan_287.png;Mystic Totem Soda;Enigmatic vessel of vibrant myths.;gecko;287
/SodaCan_288.png;Mystic Totem Can;Tribal patterns encapsulate spirited folklore.;gecko;288
/SodaCan_289.png;Mystic Totem Vessel;Ancient wisdom locked in art.;gecko;289
/SodaCan_290.png;Mystic Mandala Gecko;Intricate totem of prosperity and mystique.;gecko;290
/SodaCan_291.png;Mystic Gaze Geckor 2;Enchanted eyes within intricate patterns.;gecko;291
/SodaCan_292.png;Mystic Chroma Gecko;Enigmatic gecko guardian of a surreal, floral realm.;gecko;292
/SodaCan_293.png;Enchanted Peak Gecko;Enchanted gecko guards mystical peaks, and blooms eternal spring.;gecko;293
/SodaCan_294.png;Mystic Totem Gaze;Enigmatic guardian of digital realms.;gecko;294
/SodaCan_295.png;Mystic Gecko Majesty;A vivid gecko reigns over his surreal mountain realm.;gecko;295
/SodaCan_296.png;Mystic Mountain Gecko;A vibrant gecko's magical habitat.;gecko;296
/SodaCan_297.png;Summit Spirit Gecko;Enigmatic gecko guardian amidst alpine blooms.;gecko;297
/SodaCan_298.png;Mystical Can Guardian;A vivid guardian frog overseeing mystical flora under twilight peaks.;gecko;298
/SodaCan_299.png;Mystical Mountain Hopper;Enchanted frog reigns over a vibrant flora kingdom.;gecko;299
/SodaCan_300.png;Mystic Gecko Sip;Enchanting gecko guardian of mythic brews.;gecko;300
/SodaCan_301.png;Alpine Mystic Gecko;Enigmatic gecko guardian of alpine blooms.;gecko;301
/SodaCan_302.png;Galactic Spiral Sip;Ethereal nebula hues trapped in a can.;cosmic;302
/SodaCan_303.png;Nebula Nectar Container;A mesmerizing cosmic dance encapsulated in aluminum.;cosmic;303
/SodaCan_304.png;Galactic Gulp Whirlpool;Unleash the galaxy with a sip.;cosmic;304
/SodaCan_305.png;Stellar Storm Brew;Sip the swirling galaxy.;cosmic;305
/SodaCan_306.png;Starburst Soda Vessel;Interstellar liquid art.;cosmic;306
/SodaCan_307.png;Interstellar Swirl Jar;Interstellar dreams captured in a cosmic beverage.;cosmic;307
/SodaCan_308.png;Nebular Twist Ale;A mesmerizing psychedelic swirl captures cosmic wonder in a can.;cosmic;308
/SodaCan_309.png;Black Hole Beverage Spiral;A surreal cosmic infusion, captured in an ethereal can.;cosmic;309
/SodaCan_310.png;Cosmic Swirl Beverage;Sip the universe - a can of cosmic wonder.;cosmic;310
/SodaCan_311.png;Cosmic Brew Essence;A can swirl with a vibrant, star-infused cosmic potion.;cosmic;311
/SodaCan_312.png;Astral Whirl Soda;An ethereal drink vessel, swirling with vibrant, interstellar colors.;cosmic;312
/SodaCan_313.png;Universe Twist Tumbler;A vibrant dance of galactic hues.;cosmic;313
/SodaCan_314.png;Cosmic Liquid Art;Swirling nebulas captured in a vibrant beverage can.;cosmic;314
/SodaCan_315.png;Orbiting Ombre Bottle;A vibrant vortex of cosmic hues captured in one mesmerizing can.;cosmic;315
/SodaCan_316.png;Cosmic Beverage Vortex;Swirling nebula hues captured in a can, embody the vibrant pulse of the cosmos.;cosmic;316
/SodaCan_317.png;Infinity Swirl Decanter;A vortex of vibrant hues captured on timeless aluminum.;cosmic;317
/SodaCan_318.png;Cosmic Swirl Soda;A mesmerizing interstellar beverage can, swirling with vibrant cosmic energy.;cosmic;318
/SodaCan_319.png;Ferocious Fizz Fiend 1;Unleash the vibrant beast within, one sip at a time.;devil;319
/SodaCan_320.png;Voracious Fizz Fiend;A monstrous can be a thirsty grin.;devil;320
/SodaCan_321.png;Monstrous Thirst Quencher 1;An effervescent terror encapsulated in a can!;devil;321
/SodaCan_322.png;Space Swirl Flask;A kaleidoscopic vortex captured on metal.;cosmic;322
/SodaCan_323.png;Celestial Cyclone Canteen;A drink can canvass the vibrant dance of a galactic nebula.;cosmic;323
/SodaCan_324.png;Psychedelic Tincture Twirl;Vivid swirls capture a cosmic dance in a can.;cosmic;324
/SodaCan_325.png;Astral Whirlwind Potion;A can swirl with vibrant, galactic essence.;cosmic;325
/SodaCan_326.png;Ferocious Thirst Quencher 1;Unleash the beast within with every sip from this wildly designed can.;dinosaur;326
/SodaCan_327.png;Serpentine Sip Fury;A vibrant, beast-wrapped beverage.;dinosaur;327
/SodaCan_328.png;Draconic Elixir Fury;Ferocious dragon essence captured in a can.;dinosaur;328
/SodaCan_329.png;Cyber-Totem Serpent;Electric mythos captured in a can.;dinosaur;329
/SodaCan_330.png;Jurassic Brew Fury;A primal roar in a can.;dinosaur;330
/SodaCan_331.png;Ferocious Thirst Quencher 2;A daring drink imbued with a primal roar.;dinosaur;331
/SodaCan_332.png;Jurassic Thirst Quencher 1;Prehistoric refreshment unleashed!;dinosaur;332
/SodaCan_333.png;Spectral Thirst Howler;An otherworldly can, thirsting for a sip.;devil;333
/SodaCan_334.png;Ferocious Fizz Fury 1;The thirst-quenching terror unleashed.;devil;334
/SodaCan_335.png;Ferocious Fizz Guardian 1;A vibrant can unleashes its mythical beast, guarding mystical brews within.;devil;335
/SodaCan_336.png;Eldritch Brew Beast;The can's monstrous magic intrigues.;devil;336
/SodaCan_337.png;Carnivorous Can Carnival;Unleash the beast within this ferociously vibrant vessel.;devil;337
/SodaCan_338.png;Neon Monster Quencher;Eerie can with a vivacious, monstrous twist.;devil;338
/SodaCan_339.png;Feral Fizz Fiend 1;A vibrant, monstrous can oozing with untamed energy.;devil;339
/SodaCan_340.png;Ferocious Fizz Fiend 2;A can's monstrous thirst trap.;devil;340
/SodaCan_341.png;Primal Scream Soda;Ferocious street-art dino unleashes urban roar.;dinosaur;341
/SodaCan_342.png;Feral Canvortex;A vivid can where art roars alive.;dinosaur;342
/SodaCan_343.png;Carnivorous Can Monster;Ferocious thirst-quencher unleashed.;dinosaur;343
/SodaCan_344.png;Ferocious Fizz Fiend 3;The thirst-quenching terror unleashed!;dinosaur;344
/SodaCan_345.png;Ferocious Thirst Quencher 3;A vibrant beast guards liquid energy.;dinosaur;345
/SodaCan_346.png;Ferocious Can Monster;A vibrant can unleash a beast!;dinosaur;346
/SodaCan_347.png;Cosmic Serpent Quench;A vibrant beast thirsting across galaxies.;dinosaur;347
/SodaCan_348.png;Ferocious Fizz Fury 2;Unleashed beast snarls from a soda can.;dinosaur;348
/SodaCan_349.png;Neon Rex Roar;Vibrant prehistoric growl encapsulated.;dinosaur;349
/SodaCan_350.png;Ferocious Fizz Fiend 4;Unleash the beast with an effervescent growl.;dinosaur;350
/SodaCan_351.png;Infernal Thirst Quencher;Fierce, fiery refreshment incarnate.;devil;351
/SodaCan_352.png;Ferocious Fizz Fury 3;A monstrous thirst-quencher!;devil;352
/SodaCan_353.png;Aqua Canvased Odyssey;Vibrant underwater ballet in aluminum.;dolphin;353
/SodaCan_354.png;Abyssal Harmony Can 1;Underwater dreamscape encapsulated.;dolphin;354
/SodaCan_355.png;Aquatic Canvass Symphony;A vibrant underwater world encapsulated in aluminum artistry.;dolphin;355
/SodaCan_356.png;Ferocious Thirst Quencher 4;Unleash the beastly sip!;dolphin;356
/SodaCan_357.png;Aquafloral Serenade;Enigmatic dance of oceanic flora and fauna.;dolphin;357
/SodaCan_358.png;Abyssal Harmony Can 2;Vivid marine life captured in a can.;dolphin;358
/SodaCan_359.png;Abyssal Echoes Can;Vibrant marine life encased in a mystical can.;dolphin;359
/SodaCan_360.png;Cosmic Chaos Can;Fantastical beasts in a vibrant cosmic dance.;sea monster;360
/SodaCan_361.png;Abyssal Sip Serpent;Unleash the monster within, one gulp at a time.;sea monster;361
/SodaCan_362.png;Fantastical Fizz Fiend;A vibrant, monstrous effervescence leaps from beyond the aluminum abyss.;sea monster;362
/SodaCan_363.png;Abyssal Thirst Quencher 1;Sip on whimsy: unleash sea-creature chaos.;sea monster;363
/SodaCan_364.png;Ferocious Thirst Quencher 5;A can alive with wild, thirst-ravenous beast!;sea monster;364
/SodaCan_365.png;Abyssal Thirst Quencher 2;Mythical sea-beast's aquatic eruption.;sea monster;365
/SodaCan_366.png;Cansaurus Monstrum Elixir;Beverage of Beasts unleashed flavor frenzy!;sea monster;366
/SodaCan_367.png;Ferocious Thirst Quencher 6;Unleash the beast within this vibrant, monstrous beverage.;sea monster;367
/SodaCan_368.png;Abyssal Brew Horror;A monstrous, colorful can with a gaping maw.;sea monster;368
/SodaCan_369.png;Soda Monster Abyss;An abyssal creature disguised as a fizzy temptation.;sea monster;369
/SodaCan_370.png;Guzzling Gargoyle Gulp;Thirst-quenching terror in a can.;sea monster;370
/SodaCan_371.png;Ferocious Fizz Fury 4;A beastly beverage erupts in a can!;sea monster;371
/SodaCan_372.png;Chromatic Monster Maw;A carnivalesque canister of vibrant, voracious monstrosity.;sea monster;372
/SodaCan_373.png;Abyssal Harmony Can 3;Whimsical marine life encased in aluminum.;dolphin;373
/SodaCan_374.png;Mystic Beast Soda;A can transformed into a mythical creature's maw, entwining serpents lurk within.;sea monster;374
/SodaCan_375.png;Aqua Can Odyssey;Vibrant marine life encapsulated in artful serenity.;dolphin;375
/SodaCan_376.png;Aquatic Canopy Cosmos;Dive into a vibrant underwater odyssey encapsulated in a mystical can.;dolphin;376
/SodaCan_377.png;Psychedelic Caniverse;A vibrant abyss of whimsical creatures encapsulated in a can.;sea monster;377
/SodaCan_378.png;Abyssal Brew Havoc;Chaos swirls in a can, and a vibrant abyss awakens.;sea monster;378
/SodaCan_379.png;Chromatic Kraken Can;Whimsical oceanic aberration unleashed.;sea monster;379
/SodaCan_380.png;Psychedelic Soda Swamp;A vivid abyss of fantastical creatures swirling in chromatic harmony.;sea monster;380
/SodaCan_381.png;Surreal Swirl Menagerie;A vivid fantasy of chaos and color captured in a can.;sea monster;381
/SodaCan_382.png;Cosmic Beast Brew;A vibrant can of untamed mythical madness.;sea monster;382
/SodaCan_383.png;Whimsical Chaos Brew;A psychedelic swirl of vivid fantasy.;sea monster;383
/SodaCan_384.png;Chaos in Can;A vibrant pandemonium captured in aluminum.;sea monster;384
/SodaCan_385.png;Psychedelic Soda Abyss;A vivid, chaotic underworld bursts from a fantastical can.;sea monster;385
/SodaCan_386.png;Cosmic Doodle Deluge;A surreal explosion of vibrant alien graffiti.;sea monster;386
/SodaCan_387.png;Abyssal Brew Fest;A psychedelic plunge into oceanic oddities.;sea monster;387
/SodaCan_388.png;Soda Monster Mayhem;A vibrant can unleash a pandemonium of whimsical creatures.;sea monster;388
/SodaCan_389.png;Chaos Quencher Essence;A psychedelic fusion of thirsty pandemonium - uncannily vibrant!;sea monster;389
/SodaCan_390.png;Mystical Creature Carnival;Whimsical beasts in vibrant revelry.;sea monster;390
/SodaCan_391.png;Cosmic Brew Abyss;Surreal creatures swarm a cosmic can.;sea monster;391
/SodaCan_392.png;Cosmic Can Conundrum;An otherworldly brew - chaos and colors encapsulated!;sea monster;392
/SodaCan_393.png;Psychedelic CanVerse;An NFT odyssey of vibrant, surreal creatures.;sea monster;393
/SodaCan_394.png;Psychedelic Ocean Frenzy;Surrealist sea of vibrant fantasy.;sea monster;394
/SodaCan_395.png;Chromatic Predator Fizz;A vibrant, monstrous thirst-quencher.;sea monster;395
/SodaCan_396.png;Monstrous Thirst Quencher 2;Surreal beverages can unleash vibrant beastly appetite.;sea monster;396
/SodaCan_397.png;Jurassic Quench Predator;Ferocious thirst, ancient roar!;sea monster;397
/SodaCan_398.png;Ferocious Thirst Quencher 7;Unleash the beast within, one sip at a time.;sea monster;398
/SodaCan_399.png;Jurassic Gulp Genesis;Prehistoric thirst unleashed!;sea monster;399
/SodaCan_400.png;Jurassic Thirst Quencher 2;A ferocious sip of prehistory.;sea monster;400
/SodaCan_401.png;Voracious Can Monster;Thirsty? Encounter a vivid beast of flavor!;sea monster;401
/SodaCan_402.png;Jurassic Brew Fury;Fierce sips await!;sea monster;402
/SodaCan_403.png;Mythic Can Serpent;Ferocious guardian unleashed from a mystical beverage.;dinosaur;403
/SodaCan_404.png;Mythic Dino Elixir;A ferocious, mystic brew—uncap the beast within.;dinosaur;404
/SodaCan_405.png;Mythic Can Dragon;Mystical brew guardian.;dinosaur;405
/SodaCan_406.png;Mythic Draconic Brew;Ferocious dragon-guarded elixir.;dinosaur;406
/SodaCan_407.png;Thirsty Myths Unleashed;Fantasy unleashed in effervescent artistry.;dinosaur;407
/SodaCan_408.png;Ferocious Thirst Quencher 8;Unleash the beastly flavor!;dinosaur;408
/SodaCan_409.png;Primal Sip Fury;Quenching Jurassic thirst.;dinosaur;409
/SodaCan_410.png;Mythical Thirst Quencher;Unleash legendary sips.;dinosaur;410
/SodaCan_411.png;Psychedelic Monster Brew;A vibrant concoction of wild, monstrous imagination.;sea monster;411
/SodaCan_412.png;Chromatic Tentacle Brew;Vivid surrealism in a can.;sea monster;412
/SodaCan_413.png;Spectral Soda Seas;Dive into a carbonated ocean of whimsical nightmares, fizzing with vibrant mayhem.;sea monster;413
/SodaCan_414.png;Mythic Monster Mash;A jar teeming with vibrant, chaotic creatures.;sea monster;414
/SodaCan_415.png;Psychedelic Monster Brew;Vibrant creatures trapped in a can.;sea monster;415
/SodaCan_416.png;Chaos Concoction Soda;A vibrant abyss of untamed creatures.;sea monster;416
/SodaCan_417.png;Cosmic Brew Odyssey;A fantastical voyage is bottled in vibrant imagination.;sea monster;417
/SodaCan_418.png;Psychedelic Wolf Vortex;A vibrant vortex swirls within a mythic wolf's gaze.;werewolf;418
/SodaCan_419.png;Chromatic Howl Brew;A vibrant, mystical wolf spirit captured in liquid art form.;werewolf;419
/SodaCan_420.png;Cosmic Werewolf Canvas;Vibrant wolf spirit encapsulated in psychedelic artistry.;werewolf;420
/SodaCan_421.png;Ferocious Flame Feline;A vivid, fiery roar encased.;werewolf;421
/SodaCan_422.png;Chromatic Beast Brew;Vivid fury in a can—unleashes the colors.;werewolf;422
/SodaCan_423.png;Vibrant Howl Spectrum;A can emblazoned with a brilliantly colored, ferocious wolf spirit.;werewolf;423
/SodaCan_424.png;Mystic Feral Brew 3;Enigmatic elixir guarded by a vibrant, wild spirit.;werewolf;424
/SodaCan_425.png;Cosmic Werewolf Convergence;Vibrant astral wolf unleashed.;werewolf;425
/SodaCan_426.png;Mythic Beast Brew;Fiery spirit captured in art.;werewolf;426
/SodaCan_427.png;Ferocious Thirst Quencher 9;Sip the wild fury.;vampire;427
/SodaCan_428.png;Blossoming Serenity Dream;Ethereal beauty entwined in vibrant flora.;vampire;428
/SodaCan_429.png;Eternal Blossom Dreams;A surreal fusion of beauty and flora, immortalized in art.;vampire;429
/SodaCan_430.png;Astral Blossom Elegance;Enigmatic beauty blooms amidst cosmic serenity.;vampire;430
/SodaCan_431.png;Aquaflora Siren Can;Enchanting aquatic beauty blooms.;vampire;431
/SodaCan_432.png;AquaVivid Dreamer;A whimsical mermaid graces a mystic can.;vampire;432
/SodaCan_433.png;Feral Fizz Fury 1;Untamed energy unleashed in artful aluminum.;vampire;433
/SodaCan_434.png;Chromatic Mystic Gaze;Enchanting can artistry.;lizard;434
/SodaCan_435.png;Chromatic Lizard 1;Vivid hues cloak this enigmatic, pop-art gecko.;lizard;435
/SodaCan_436.png;Psychedelic Chameleon Can;Vibrant fusion of art and illusion.;lizard;436
/SodaCan_437.png;Ferocious Fizz Fury 5;Can of cosmic rage.;vampire;437
/SodaCan_438.png;Psychedelic Soda Serpent;Vibrant fusion of myth and modernity.;lizard;438
/SodaCan_439.png;Ethereal Bloom Smile;Evoke the mystique of a joyful spirit adorned with floral grace.;vampire;439
/SodaCan_440.png;Chromatic Serpent Sip 1;A mythical, vibrant dragon encases this mystical beverage.;lizard;440
/SodaCan_441.png;Chameleon Canvass Can;A vibrant, psychedelic chameleon cloaked in artistry.;lizard;441
/SodaCan_442.png;Feral Fizz Fury 2;Unleashed energy in a can.;vampire;442
/SodaCan_443.png;Chromatic Lizard 2;Vividly-hued, mystical creature adorning a can.;lizard;443
/SodaCan_444.png;Gecko Garden Brew;Mystical gecko guards secret nectar.;lizard;444
/SodaCan_445.png;Mystic Totem Quencher;Enchanted vessel, storytelling in hues.;lizard;445
/SodaCan_446.png;Mystical Visionary Totem;A vibrant totem of wisdom.;lizard;446
/SodaCan_447.png;Arboreal Alchemy Ale;Enigmatic brew of nature's intricate enchantment.;ghost;447
/SodaCan_448.png;Ethereal Arbor Abbey;Mystical sanctuary entwined in timeless, fiery groves.;ghost;448
/SodaCan_449.png;Arboreal Sanctuary Can;An ethereal forest engulfs a mystical urban oasis.;ghost;449
/SodaCan_450.png;Mystic Arbor Soda;Intricate arboreal etchings encase mystical liquid lore.;ghost;450
/SodaCan_451.png;Mountain Stream Serenity;Unwind in illustrated tranquility.;fish;451
/SodaCan_452.png;Midnight Arbor Essence;Enigmatic twilight encapsulated.;ghost;452
/SodaCan_453.png;Eerie Brew Soda;Hauntingly carved, endless night.;ghost;453
/SodaCan_454.png;Aquafloral Elegance Soda;Mesmerizing koi dance among blooming aquatics.;fish;454
/SodaCan_455.png;Tropical CanScape;A lush paradise in aluminum.;starfish;455
/SodaCan_456.png;Vivid Oni Vessel;An electrifying fusion of folklore and pop art.;octopus;456
/SodaCan_457.png;Sundown Sailing Serenity;Tranquil sails at sunset, embodying peace.;sailboat;457
/SodaCan_458.png;Sundown Sail Can;A serene sailboat journey captured on a can, basking in twilight's glow.;sailboat;458
/SodaCan_459.png;Sailor's Sunset Brew;Crisp sailboat against an amber sundown – a voyage in a can.;sailboat;459
/SodaCan_460.png;Feral Fizz Fiend 2;Unleash the beast within the can!;goblin;460
/SodaCan_461.png;Ferocious Fizz Fury 6;Unleashed soda monster.;goblin;461
/SodaCan_462.png;MechSaur Dynamo;Cyber-dinosaur unleashed.;goblin;462
/SodaCan_463.png;Eternal Midnight Brew;Gothic allure encapsulated.;goblin;463
/SodaCan_464.png;Ghastly Gulp Gargoyle;A monstrous can unleased.;goblin;464
/SodaCan_465.png;Graffiti Gobble Can;Urban art comes alive, hungry for chaos.;goblin;465
/SodaCan_466.png;Crimson Necropolis Brew;A macabre dance of death and decay hauntingly encapsulated under a blood moon.;goblin;466
/SodaCan_467.png;Gargantuan Gulp Ghoul;A monstrous thirst-quencher.;goblin;467
/SodaCan_468.png;Crimson Eclipse Mausoleum;A haunting twilight over an eerie, skull-littered gothic realm.;goblin;468
/SodaCan_469.png;Crimson Ecliptic Requiem;Eternal love amidst gothic twilight.;goblin;469
/SodaCan_470.png;Crimson Twilight Requiem;Eternal rest under a haunted moon.;goblin;470
/SodaCan_471.png;Crimson Moonlit Requiem;A haunting castle under a blood-red moon.;goblin;471
/SodaCan_472.png;Crimson Phantom Brew;Elixir of eternal night, housed in gothic artistry.;goblin;472
/SodaCan_473.png;Crimson Macabre Brew;Haunting fusion of gothic allure and spectral whispers in a can.;goblin;473
/SodaCan_474.png;Gremlin Soda Surprise;Thirst-quenching terror pop!;goblin;474
/SodaCan_475.png;Crimson Nocturne Can;Haunted castle encapsulated in a chilling, moonlit brew.;goblin;475
/SodaCan_476.png;Jungle Majesty Soda;Fierce elegance is captured in artful fauna.;tiger;476
/SodaCan_477.png;Tiger Jungle Essence 1;Majestic tiger spirit, captured in vibrant jungle flora.;tiger;477
/SodaCan_478.png;Jungle Can Majesty 1;Fierce gaze embossed, nature's king canned.;tiger;478
/SodaCan_479.png;Jungle Can Majesty 2;Feline prowess encased in art.;tiger;479
/SodaCan_480.png;TigerSoda Roar;Unleash the beast within - a ferocious blend of art and energy.;tiger;480
/SodaCan_481.png;Cosmic Tiger Brew;Enigmatic tiger adorning the stars.;tiger;481
/SodaCan_482.png;Stargazer Sovereign Brew;Mystical tiger adorns cosmic elixir.;tiger;482
/SodaCan_483.png;Tiger Swirl Essence 1;Fierce elegance is captured in artful swirls.;tiger;483
/SodaCan_484.png;Tiger Essence Vessel;Ferocious grace in artful aluminum.;tiger;484
/SodaCan_485.png;Tiger Fizz Roar;Vibrant jungle energy is captured in an effervescent can.;tiger;485
/SodaCan_486.png;Tiger Swirl Soda 1;Majestic tiger entwined with vibrant, flowing artistry.;tiger;486
/SodaCan_487.png;Ferocious Can Roar;Unleash the wild within.;tiger;487
/SodaCan_488.png;Ferocity Fizz Roar;A can emblazoned with primal power.;tiger;488
/SodaCan_489.png;Feral Brew Roar;Unleashed tiger spirit, captured in an iron vessel.;tiger;489
/SodaCan_490.png;Tiger's Roaring Elixir;Ferocious thirst-quencher unleashed.;tiger;490
/SodaCan_491.png;Feral Brew Rage;Untamed spirit encased, roar in every sip.;tiger;491
/SodaCan_492.png;Feral Fizz Roar;Unleashed energy in a can.;tiger;492
/SodaCan_493.png;Ferocity Unleashed Can;Primal roar encased - collectible vigor.;tiger;493
/SodaCan_494.png;Tiger Swirl Essence 2;A stylized tiger adorns a vibrant, mystical can.;tiger;494
/SodaCan_495.png;AquaTiger Essence;Ferocity canned in waves.;tiger;495
/SodaCan_496.png;Cosmic Tiger Essence;Vibrant fusion of wild spirit and cosmic swirls.;tiger;496
/SodaCan_497.png;Cosmic Tigress Graffiti;Vibrant jungle spirit encapsulated in cosmic swirls.;tiger;497
/SodaCan_498.png;Feral Fluidity Can;Majestic tiger merges with liquid artistry.;tiger;498
/SodaCan_499.png;Tiger Swirl Soda 2;A vivid tiger emerges from abstract swirls, encapsulating wild elegance.;tiger;499
/SodaCan_500.png;Ferocity Fizz Can;Unleash the roar within.;tiger;500
/SodaCan_501.png;Jungle Sovereign Sip;Fierce elegance encapsulated.;tiger;501
/SodaCan_502.png;Tiger Jungle Essence 2;Fierce gaze captured in artful stillness.;tiger;502
/SodaCan_503.png;Tiger Jungle Essence 3;Feral gaze encased.;tiger;503
/SodaCan_504.png;Jungle Majesty Can;A vibrant can cloaked in the fierce gaze of the wild tiger.;tiger;504
/SodaCan_505.png;Astral Tiger Surge;Ethereal feline spirit captured in cosmic swirls.;tiger;505
/SodaCan_506.png;Jungle Essence Vessel;Fierce elegance is captured in the can.;tiger;506
/SodaCan_507.png;Urban Oasis Brew 1;A vibrant, illustration can capture the spirit of city life entwined with nature.;urban;507
/SodaCan_508.png;Urban Flora Flight;Ethereal koi soars over a bloom-engulfed cityscape.;urban;508
/SodaCan_509.png;Urban Oasis Can 1;Fizzy dreams amidst concrete blooms.;urban;509
/SodaCan_510.png;Urban Koi Haven;A vivid koi swims through a stylized cityscape, where concrete meets nature.;urban;510
/SodaCan_511.png;Tropical Serenity Can 1;Sunset-hued can encapsulate a tranquil paradise.;starfish;511
/SodaCan_512.png;Tropical Can Serenity 1;Sunset bliss in a metallic canvas—art and nature's fusion.;starfish;512
/SodaCan_513.png;Mariner's Mythos Can;Oceanic lore encapsulated in aluminum, a siren's call in art form.;starfish;513
/SodaCan_514.png;Oceanic Starfall Brew;An aquatic ballet wrapped in a can, where stars dive and waves dance.;starfish;514
/SodaCan_515.png;Tropical Canvased Waves;Island spirit captured on a can: a sip of oceanic adventure.;starfish;515
/SodaCan_516.png;Tropical Canopy Dreams;Evoke the tropics with lush botanicals on a sleek canister.;starfish;516
/SodaCan_517.png;Tropical Sundown Brew;A vibrant can blending ocean vibes with sunset serenity.;starfish;517
/SodaCan_518.png;Aquaflora Serenity Can;An exquisite goldfish swims among tranquil floral waters.;fish;518
/SodaCan_519.png;Crimson Koi Waves;Elegant aquatic dance immortalized on aluminum canvas.;fish;519
/SodaCan_520.png;Aquaflora Koi Harmony 1;Elegance encased: a serene, aquatic dance.;fish;520
/SodaCan_521.png;Aquatic Elegance Essence;Ornate koi graces oceanic flora.;fish;521
/SodaCan_522.png;Aquaflora Koi Fantasy;Vivid koi swims amidst blossoming flora on a magical can.;fish;522
/SodaCan_523.png;Aquaflora Koi Harmony 2;Ethereal koi swims among blossoms, encapsulating serenity.;fish;523
/SodaCan_524.png;Aquaflora Elegance;Ethereal koi swims through blooming aquatic fantasy.;fish;524
/SodaCan_525.png;Aurora Carp Can;Vibrant koi swims in a floral sea, captured in a can.;fish;525
/SodaCan_526.png;Aquatic Blossom Vessel;Elegant koi swims amidst floral serenity.;fish;526
/SodaCan_527.png;Aquaflora Serenity Swim;Vibrant koi bathes in floral elegance.;fish;527
/SodaCan_528.png;Aquatic Can Artistry;Vivid koi fish dance on a surreal aquatic canvas.;fish;528
/SodaCan_529.png;Aurora Koi Blossom;Ethereal aquatic artistry, serenely encapsulated.;fish;529
/SodaCan_530.png;Cartographic Odyssey;Thirst for exploration? Sip the journey!;map;530
/SodaCan_531.png;Urban Thirst Quencher;A beverage container cloaked in the intricate urban tapestry.;map;531
/SodaCan_532.png;Cartographic Quencher;Sip the city's essence.;map;532
/SodaCan_533.png;Cartographic Quench;Antique maps wrap thirst, blending history with modern sips.;map;533
/SodaCan_534.png;Explorer's Elixir;A journey in a sip.;map;534
/SodaCan_535.png;Terrain Tonic;A beverage mapping journey.;map;535
/SodaCan_536.png;Cartographic Thirst Quencher;Sip the cityscape: a beverage can mapped with urban intrigue.;map;536
/SodaCan_537.png;MapMaster's Mixture;Sip the city's essence.;map;537
/SodaCan_538.png;Pathfinder's Potion;Thirst for exploration.;map;538
/SodaCan_539.png;Expedition Essence;A can emblazoned with journeys past—sip the essence of exploration.;map;539
/SodaCan_540.png;Geographic Gulp;Thirst for adventure? Sip the world!;map;540
/SodaCan_541.png;Urban Circuitry Quencher;Thirst for exploration captured in aluminum.;map;541
/SodaCan_542.png;Cartographic Can Voyage;Explore liquid highways in a can.;map;542
/SodaCan_543.png;Tropical Canopy Cascade;A can's journey through paradise.;starfish;543
/SodaCan_544.png;Tropical Serenity Can 2;An effervescent fusion of flora and sea, capturing nature's tranquility.;starfish;544
/SodaCan_545.png;Tropical Sunset Serenade;Capturing twilight's dance amid floral waves.;starfish;545
/SodaCan_546.png;Sundowner Serenity Sip;Tropical oasis on a can: a sunset drink of dreams.;starfish;546
/SodaCan_547.png;Tropical Serenity Can 3;Harmony in a can: a lush, vibrant escape.;starfish;547
/SodaCan_548.png;Aquaflora Serenade;A fusion of ocean waves and blossoming flowers encapsulate nature's harmony.;starfish;548
/SodaCan_549.png;Sunset Siren's Can;Oceanic artistry adorning a sun-kissed sea.;starfish;549
/SodaCan_550.png;Tropical Can Serenity 2;An artful blend of sea, flora, and serenity in a can.;starfish;550
/SodaCan_551.png;Tropical Canopy Harmony;A vivid tapestry of nature's symphony, captured on a serene, exotic canvas.;starfish;551
/SodaCan_552.png;Tropical Can Artistry;An oasis dreamscape wrapped around a can, fusing nature's palette with exotic serenity.;starfish;552
/SodaCan_553.png;Tropical CanScape;Sunset hues in a can.;starfish;553
/SodaCan_554.png;Tropical Serenity Brew;Sip the essence of a tranquil paradise.;starfish;554
/SodaCan_555.png;Urban Oasis Can 2;Cityscape meets nature on vibrant canvas.;urban;555
/SodaCan_556.png;Crimson Cityscape Elixir;Urban dreams swirl in a can.;urban;556
/SodaCan_557.png;Urban Koi Dreams 2;Surreal cityscape meets vibrant aquatic life in a can.;urban;557
/SodaCan_557.png;Urban Koi Dreams 1;Vibrant dreamscape of a koi fish merging with the city's heartbeat.;urban;557
/SodaCan_558.png;Urban Sunset Sip;Twilight harmony in a can.;urban;558
/SodaCan_559.png;Urban Oasis Dreams;Metropolis merges with nature, encapsulated in a can.;urban;559
/SodaCan_560.png;Urban Sip Serenity;A tranquil cityscape enveloped in a can.;urban;560
/SodaCan_561.png;Urban Oasis Brew 2;Cityscape in a can.;urban;561
/SodaCan_562.png;Urban Oasis Brew 3;A serene cityscape captured on a crafty can.;urban;562
/SodaCan_563.png;Urban Oasis Can 3;A beverage can depict a vibrant cityscape with a splash of nature's escape.;urban;563
/SodaCan_564.png;Tentacle Canoodle Can;Vibrant abyss of swirling tentacles.;octopus;564
/SodaCan_565.png;Tentacle Swirl Can;A vibrant abyss in a can.;octopus;565
/SodaCan_566.png;Psychedelic Liquid Container;A vibrant, surreal can is alive with mesmerizing patterns.;octopus;566
/SodaCan_567.png;Abyssal Soda Menace;An enigmatic can unleash a psychedelic cephalopod fantasy.;octopus;567
/SodaCan_568.png;Cyclopean Soda Monster;Vibrant tentacle chaos engulfs a can.;octopus;568
/SodaCan_569.png;PsychedeLique Tentacool;Intricate tentacles wrap a mystical can.;octopus;569
/SodaCan_570.png;Psychedelic Vision Can;A surreal, eye-popping vessel.;octopus;570
/SodaCan_571.png;Visionary Vortex Can;A mesmerizing swirl of art, awakening imagination with each gaze.;octopus;571
/SodaCan_572.png;Psychedelic Vision Soda;A mesmerizing kaleidoscope of colors emblazons this captivating piece.;octopus;572
/SodaCan_573.png;Psychedelic Sip Specter;Eerie elixir, vibrant haunts.;octopus;573
/SodaCan_574.png;Psychedelic Sip Serenade;A vivid dance of mythical flavors.;octopus;574
/SodaCan_575.png;Spectral Sip Serpent;An ornate can springs to life with vibrant, monstrous elegance.;octopus;575
/SodaCan_576.png;Psychedelic Gaze Can;Vibrant abyss in aluminum.;octopus;576
/SodaCan_577.png;Psychedelic Vision Elixir;Eerie canister adorned with hypnotic, otherworldly gazes.;octopus;577
/SodaCan_578.png;Tentacled Soda Delirium;Inky dread grins from a psychedelic abyss.;octopus;578
/SodaCan_579.png;Psychedelic Oceanic Gaze;An enthralling voyage through mystical marine madness.;octopus;579
/SodaCan_580.png;Arboreal Elixir Can;Eternal grove encapsulated in golden serenity.;tree;580
/SodaCan_581.png;Verdant Canopy Vessel;An eternal tree thrives, encased in golden artistry.;tree;581
/SodaCan_582.png;Arboreal Harmony Can;Mystical fusion of nature and artifact.;tree;582
/SodaCan_583.png;Arboreal Elixir Essence;A beverage can transformed into a lush, living forest tableau.;tree;583
/SodaCan_584.png;Arboreal Brew Essence;An enchanting fusion of nature and craftsmanship.;tree;584
/SodaCan_585.png;Arboreal Elixir Vessel;A mystical tree-infused potion jar, symbolizing nature's enchanting essence.;tree;585
/SodaCan_586.png;Arboreal Essence Vessel;Can embrace ancient trees, a living vessel of time.;tree;586
/SodaCan_587.png;Gilded Arboreal Relic;A majestic tree encapsulates nature's timeless beauty.;tree;587
/SodaCan_588.png;Tentacle Tangle Flask;Oceanic enigma encased.;jellyfish;588
/SodaCan_589.png;Chromatic Cephalopod Soda;Vibrant tendrils entwine in a dance of color and mystery.;jellyfish;589
/SodaCan_590.png;Kraken Can Canvas;A vivid can teeming with mythical sea life.;jellyfish;590
/SodaCan_591.png;Jellyfish Embrace Soda;Tentacled guardian of deep-sea secrets.;jellyfish;591
/SodaCan_592.png;Cosmic Cephalopod Soda;Hypnotic aquatic entity embracing a cosmic swirl.;jellyfish;592
/SodaCan_593.png;Psychedelic Fauna Brew;Entrancing, vibrant can art blossoms with a surreal wildlife twist.;jellyfish;593
/SodaCan_594.png;Abyssal Brew Vortex;Surreal can entwine the sea's mysteries.;jellyfish;594
/SodaCan_595.png;Psychedelic Sip Symphony;An enthralling blend of vibrant swirls, crafting a visual taste sensation.;jellyfish;595
/SodaCan_596.png;Tentacle Can Euphoria;A mesmerizing aquatic dance, eternally captured.;jellyfish;596
/SodaCan_597.png;Abyssal Sip Bloom;Vivid jellyfish tendrils enwrap the vessel of the deep.;jellyfish;597
/SodaCan_598.png;Chromatic Serpent Sip 2;Vibrant reptilian graffiti enfolds a mysterious vessel.;Lizard;598
/SodaCan_599.png;Sunset Sail Serenity 1;A tranquil voyage under a vast, amber sky.;sailboat;599
/SodaCan_600.png;Sunset Sails Silhouette;Serene nautical twilight captured in a can.;sailboat;600
/SodaCan_601.png;Sundown Sails Serenity;A tranquil sunset voyage.;sailboat;601
/SodaCan_602.png;Sunset Sails Serenity;A tranquil voyage at dusk, where the sea meets the amber sky.;sailboat;602
/SodaCan_603.png;Sunset Sailing Serenity;A tranquil sailboat journey as the sun dips low, painting the sky in warm hues.;sailboat;603
/SodaCan_604.png;Sailor's Twilight Can;A serene voyage at dusk, captured on a surreal beverage can.;sailboat;604
/SodaCan_605.png;Sailor's Soda Seascape 1;A whimsical fusion of sailing serenity and pop art on a can.;sailboat;605
/SodaCan_606.png;Soda Seascape Serenity;A tranquil voyage encapsulated in vibrant, liquid artistry.;sailboat;606
/SodaCan_607.png;Sailing Sunset Sip;Crisp voyage bound in a can.;sailboat;607
/SodaCan_608.png;Crimson Sail Twilight 1;Sail into sunset's embrace amidst tranquil seas and fiery skies.;sailboat;608
/SodaCan_609.png;Sunset Sail Serenity 2;A tranquil voyage at dusk, captured in vibrant hues.;sailboat;609
/SodaCan_610.png;SodaCan Seascape Sail;A refreshing blend of art, where a soda can horizon meets a sailboat's journey.;sailboat;610
/SodaCan_611.png;Sailor's Soda Seascape 2;Effervescent waves, and crimson skies, encapsulated adventure.;sailboat;611
/SodaCan_612.png;Sundown Sailing Can 1;Crimson Sky sail voyage.;sailboat;612
/SodaCan_613.png;Serene Sunset Sail;Sailboat's tranquil journey under a vibrant sunset sky.;sailboat;613
/SodaCan_614.png;Sundown Sailing Saga;A serene sailboat journey under a majestic, radiant sunset.;sailboat;614
/SodaCan_615.png;Twilight Sail Serenity;A tranquil sailboat drifts under a warm, glowing sunset.;sailboat;615
/SodaCan_616.png;Crimson Sail Twilight 2;Serene sunset voyage encapsulated.;sailboat;616
/SodaCan_617.png;Crimson Sail Twilight 3;Sailboat's sunset journey on a dreamy soda sea.;sailboat;617
/SodaCan_618.png;Soda Seascape Voyage;A liquid odyssey, encapsulating adventure in a can.;sailboat;618
/SodaCan_619.png;Visionary Seascape Voyage;Sail under the watchful cosmic eye, where horizons and perceptions blend.;sailboat;619
/SodaCan_620.png;Voyage Observer Can;Surreal seascape on a can, overseen by a vigilant eye.;sailboat;620
/SodaCan_621.png;Voyage of Observation;A surreal sail through watching eyes.;sailboat;621
/SodaCan_622.png;Sailor's Canvased Dreams;Seascape artistry on a can, where dreams set sail.;sailboat;622
/SodaCan_623.png;Nautical Twilight Can;Sail into sunset's embrace, encased in an artful can.;sailboat;623
/SodaCan_624.png;Sailwave Soda Seascape;Encapsulated ocean adventure in a can, sail into the horizon!;sailboat;624
/SodaCan_625.png;Sundown Sailing Can 2;Vivid maritime dreamscape captured on a canvas of aluminum.;sailboat;625
/SodaCan_626.png;Psychedelic Elixir Vessel;A mesmerizing canister, alive with swirling, vibrant artistry.;seashell;626
/SodaCan_627.png;Tribal Elixir Can;A vibrant fusion of ancient motifs and modern allure.;seashell;627
/SodaCan_628.png;Kaleidoscope Soda Essence;Intricate symphony of colors, encapsulating vibrancy.;seashell;628
/SodaCan_629.png;Cosmic Mandala Can;A mesmerizing vessel where art meets the cosmos.;seashell;629
/SodaCan_630.png;Mystic Elixir Can;Enigmatic art imbues this vessel with cosmic energy.;seashell;630
/SodaCan_631.png;Cosmic Brew Talisman;Mystical elixir encased in vibrant, cosmic art.;seashell;631
/SodaCan_632.png;Mystic Fervor Can;Ornate vessel of the vibrant mythos.;seashell;632
/SodaCan_633.png;Mystic Mandala Can 1;Intricate mandala art on a sleek can—symbolism in aluminum.;seashell;633
/SodaCan_634.png;Mystic Mandala Can 2;Intricate mandala art on a can, radiating mystical energy.;seashell;634
/SodaCan_635.png;Abyssal Swirl Can;Mystic depths are captured in intricate spirals.;seashell;635
/SodaCan_636.png;Mandala Essence Vessel;An intricate mandala-adorned can, radiating spiritual energy.;seashell;636
/SodaCan_637.png;Mystic Can Serpent;An intricately patterned seashell enwraps a can, symbolizing ancient mystique.;seashell;637
/SodaCan_638.png;Mystic Mandala Can 3;Ethereal swirls enshroud a cryptic artifact.;seashell;638
/SodaCan_639.png;Crimson Mechanoskull;Intricate cyber-spirit totem.;pirate;639
/SodaCan_640.png;Cursed Crimson Can;A bewitched vessel throbs with ancient, bound spirits.;pirate;640
/SodaCan_641.png;Mystical Brew Guardian;Enigmatic can, ancient protectors' gaze.;pirate;641
/SodaCan_642.png;Mystic Brew Vessel;Enigmatic can, adorned with ancient spirits.;pirate;642
/SodaCan_643.png;Mystic Cyber Totem;Futuristic relic infused with ancestral spirits.;pirate;643
/SodaCan_644.png;Steampunk Brew Guardian;Intricately designed, a metallic sentinel safeguards ancient liquid alchemy.;pirate;644
/SodaCan_645.png;Baroque Skull Vessel 1;Intricately adorned, mystical relic.;pirate;645
/SodaCan_646.png;Eldritch Crimson Can;A can imbued with arcane horror.;pirate;646
/SodaCan_647.png;Eternal Gaze Soda 1;Mystical relic, imprisoning ancient souls.;pirate;647
/SodaCan_648.png;Crimson Mystic Brew;Elixir vessel harboring ancient spirits.;pirate;648
/SodaCan_649.png;Mystic Brewskull;Elixir housed in haunted artistry.;pirate;649
/SodaCan_650.png;Eternal Elixir Vessel 1;Mystic brew canister, eternal rest.;pirate;650
/SodaCan_651.png;Eternal Elixir Vessel 2;Mystical brew canister of immortality.;pirate;651
/SodaCan_652.png;Baroque Skull Vessel 2;Elegant meets eerie - an ornate container of secrets.;pirate;652
/SodaCan_653.png;Crimson Skull Elixir 1;Mystical brew encased in ornate eternity.;pirate;653
/SodaCan_654.png;Mythic Brew Master;Elixir of ancient legends.;pirate;654
/SodaCan_655.png;Eternal Gaze Libation;Mystical brew vessel, enthralling ancient spirits.;pirate;655
/SodaCan_656.png;Elixir Ancestral Armor;A mystic brew guarded by ancestral spirits.;pirate;656
/SodaCan_657.png;Eternal Gaze Brew 1;A mystical can where art meets eternity.;pirate;657
/SodaCan_658.png;Crimson Skull Elixir 2;Mysterious brew encased in a hauntingly ornate vessel.;pirate;658
/SodaCan_659.png;GrimVisage Brew;Elixir encased in malevolent artistry.;pirate;659
/SodaCan_660.png;Eternal Gaze Brew 2;Sip the mystic essence, where immortal eyes witness eternity.;pirate;660
/SodaCan_661.png;Mystic Oculus Reliquary;An ancient vessel with a bewitching gaze, bound by arcane artistry.;pirate;661
/SodaCan_662.png;Crimson Skull Brew 1;Elixir of immortality, encased in demonic artistry.;pirate;662
/SodaCan_663.png;Crimson Skull Brew 2;Elixir sealed within an ominous, arcane vessel.;pirate;663
/SodaCan_664.png;Ethereal Crimson Gaze;A mystical vessel with an entrancing stare.;pirate;664
/SodaCan_665.png;Ethereal Crimson Skull;A mystical skull forged in arcane elegance, radiating enigmatic energy.;pirate;665
/SodaCan_666.png;Ethereal Crimson Visage;A can emblazoned with a haunting, spectral skull.;pirate;666
/SodaCan_667.png;Eldritch Beverage Relic;Mystic Elixir's vessel, everlastingly sealed.;pirate;667
/SodaCan_668.png;Eternal Gaze Soda 2;Mystical vessel guarding timeless secrets.;pirate;668
/SodaCan_669.png;Ethereal Skull Brew;Elixirs of immortality sealed within.;pirate;669
/SodaCan_670.png;Cybernetic Skullbrew 1;Mystic elixir vessel, digital afterlife essence.;pirate;670
/SodaCan_671.png;Cybernetic Skullbrew 2;Futuristic fusion of art and eerie.;pirate;671
/SodaCan_672.png;Crimson Skull Elixir 3;Enigmatic potion canister, whispers of ancient mystique.;pirate;672
/SodaCan_673.png;Crimson Skull Brew 3;Elixir of the Netherworld awaits.;pirate;673
/SodaCan_674.png;Arboreal Canopy Core;A harmonious fusion of nature and technology encased in gold.;tree;674
/SodaCan_675.png;Ethereal Gaze Elixir;Mystic brew encased in vibrant afterlife artistry.;pirate;675
/SodaCan_676.png;Ethereal Skull Brew;Mystic potion encased in vibrant macabre artistry.;pirate;676
/SodaCan_677.png;Ethereal Gaze Brew;Mystic potion encapsulated in the artful skull can.;pirate;677