File Path;Name;Description
/SodaCan_1.png;Blossoming Aqua Surge;Eternal waves bloom with timeless beauty.
/SodaCan_2.png;Aqua Vortex Can;Elegantly cloaked brew, a tidal art embrace.
/SodaCan_3.png;Cerulean Tsunami Vessel;A wave-adorned can, encapsulating the fury and grace of the sea.
/SodaCan_4.png;Aqua Elegance Swirl;Ornate waves adorn this mystic vessel.
/SodaCan_5.png;Surging Crest Canister;Fluid artistry enfolds a vessel, encapsulating the ocean's raw power.
/SodaCan_6.png;Oceanic Essence Can;Swirling waves captured on aluminum, a dance of sea's spirit.
/SodaCan_7.png;Aqua Swirl Elixir;Intricate waves enwrap a mysterious vintage brew.
/SodaCan_8.png;Aegean Wave Vessel;Mystic sea waves swirl on a timeless vessel.
/SodaCan_9.png;Aquafloral Tsunami Can;Swell of botanical elegance.
/SodaCan_10.png;Aquafloral Vortex Can;Serene waves embrace vivid florals, encapsulating nature's dance.
/SodaCan_11.png;Blossom Tsunami Dreams;A floral fantasy amidst a cresting azure wave.
/SodaCan_12.png;Oceanic Brew Vortex;Surreal sea waves encapsulate an enigmatic beverage can.
/SodaCan_13.png;Oceanic Canvass Swell;Serene waves immortalized on aluminum.
/SodaCan_14.png;Tsunami Art Can;Sweeping waves adorn this collectible can, merging art with utility.
/SodaCan_15.png;Floral Bison Brew;Enigmatic bison adorned in vibrant flora.
/SodaCan_16.png;Floral Bison Grace;A bison's serene gaze amidst vibrant blooms.
/SodaCan_17.png;Floral Bovine Harmony;Mystical bovine adorned with vibrant blooms.
/SodaCan_18.png;Floral Bison Spirit;Mystic bison adorned with autumn blooms.
/SodaCan_19.png;Cosmic Taurine Canister;Space-infused bovine majesty.
/SodaCan_20.png;Mystical Bovine Brew;An enigmatic ox adorns this ornate vessel, hinting at mythical elixirs within.
/SodaCan_21.png;Bovine Brew Majesty;Mystical fusion of strength and spirit in a can.
/SodaCan_22.png;Mystic Bovine Brew;A fusion of fierce gaze and spirited artistry—the liquid talisman.
/SodaCan_23.png;Mystic Bull Brew 1;A vibrant fusion of tribal art and modern design, encapsulating strength and mystique.
/SodaCan_24.png;Mystic Taurine Elixir;Enigmatic fusion of totemic strength and psychedelic swirls.
/SodaCan_25.png;Mystic Bull Brew 2;Enigmatic elixir encased in art.
/SodaCan_26.png;Mystic Bison Brew;Enigmatic potion encased in a can, crowned by a mythic bison spirit.
/SodaCan_27.png;Mystic Bull Essence;Enigmatic can-bound bovine deity.
/SodaCan_28.png;Mystical Bison Brew;Enchanting elixir encased in mighty bison imagery.
/SodaCan_29.png;Majestic Bull Can;Ornate bovine power encased in mystique.
/SodaCan_30.png;Mythic Flame Bison;A majestic bison adorned with fiery artistry, encapsulating untamed spirit.
/SodaCan_31.png;Chromatic Bull Can;Vivid hues encapsulate bovine boldness.
/SodaCan_32.png;Spectrum Taurine Can;A vibrant bull encapsulated in liquid artistry.
/SodaCan_33.png;Bovine Spectrum Can;Vibrant highland cow emerges from a kaleidoscope can.
/SodaCan_34.png;Spectrum Steer Can;A vibrant bull, canned in colors.
/SodaCan_35.png;Mystic Can Guardian;Enigmatic protector emerges, embodying ancient can's spirit.
/SodaCan_36.png;Totem Energy Drink;A vibrantly monstrous thirst-quencher.
/SodaCan_37.png;Enchanted Emberling Totem;Mystical totem sprouting life and fire.
/SodaCan_38.png;Mystic Arbor Guardian;Enchanting forest sentinel.
/SodaCan_39.png;Cerebral Brew Monster;Enigmatic elixir guardian.
/SodaCan_40.png;Mystic Flame Keeper;Guardian of ancient infernal wisdom.
/SodaCan_41.png;Mystical Autumn Guardian;Enigmatic entity amidst fall foliage.
/SodaCan_42.png;Mystic Brew Guardian 1;Enchanted can's sentient gaze.
/SodaCan_43.png;Mythical Brew Guardian;Ethereal, vibrant guardian emerges, ensnaring imagination in aluminum.
/SodaCan_44.png;Mystic Fizz Guardian;Enchanted elixir's whimsical protector.
/SodaCan_45.png;Chromatic Creature Can;Vibrant monster-populated beverage container.
/SodaCan_46.png;Eldritch Canister Cryptid;Mystical creature captured in vibrant artistry.
/SodaCan_47.png;Enchanted Elixir Guardian;Mysterious protector of the mystical brew, awakened from the can's vibrant curse.
/SodaCan_48.png;Mystic Brew Guardian 2;Enigmatic sentinel of flavor.
/SodaCan_49.png;Cryptic Can Critter;Enigmatic beverage guardian.
/SodaCan_50.png;Mystic Gaze Canister 3;Enchanted vessel with a whimsical charm.
/SodaCan_51.png;Mystic Brew Guardian 3;Enchanted elixir's fierce protector.
/SodaCan_52.png;Bubbly Scales Sparkle;Quirky fizz-guardian of joy!
/SodaCan_53.png;Aqua Fang Brew;Quenching monstrous thirsts.
/SodaCan_54.png;Mystic Brew Beast;A vibrant creature encapsulated in an arcane potion!
/SodaCan_55.png;Ferocious Fizz Fiend 5;Monstrous soda can erupts with wild, untamed flavor!
/SodaCan_56.png;Mystic Soda Guardian;Enchanted can protecting mystical realms.
/SodaCan_57.png;Tiki Can Terror;An animated can personifies primal fear.
/SodaCan_58.png;Totemic Thirst Sentinel;Ancient guardian unleashed, thirsting for souls.
/SodaCan_59.png;Azure Guardian Grin;Mystical totem creature with an enigmatic smile.
/SodaCan_60.png;Azurite Dragon Totem;Mystical guardian unleashed.
/SodaCan_61.png;Totemic Thirst Quencher;Ancient thirst, modern vessel.
/SodaCan_62.png;Aqua Totem Thirst;Mystic thirst-quenching relic.
/SodaCan_63.png;Tiki Giggle Goblet;Eccentric laughter incarnate.
/SodaCan_64.png;Chimeric Canister Chuckle;An enigmatic jar's laughter echoes, weaving mystic tales.
/SodaCan_65.png;Azure Mystic Grin;Enigmatic smile illuminates ancient secrets.
/SodaCan_66.png;Flamehorn Canister;Fiery-eyed bovine graces this can, merging wild spirit with urban chic.
/SodaCan_67.png;Mystic Flora Bison;An enchanting bovine amid autumn's whisper.
/SodaCan_68.png;Mythic Brew Bison;A mystical bison adorned with vibrant, swirling patterns—imbued with the spirit of ancient legends.
/SodaCan_69.png;Mystic Flame Bison;Ethereal beast captured in flames.
/SodaCan_70.png;Spectrum Bovine Brew;A fusion of vibrant hues and stoic bovine mystique, canned.
/SodaCan_71.png;Cosmic Owl Canister;Mystical vessel pulsing with stardust energy.
/SodaCan_72.png;Abyssal Canister Totem;Enigmatic totem art, encapsulated in a can.
/SodaCan_73.png;Ferocious Fizz Monster;Ancient thirst unleashed.
/SodaCan_74.png;Ferocious Fizz Guardian 2;A can with a monstrous spirit, guarding an effervescent secret.
/SodaCan_75.png;Ferocious Fizz Fiend 6;A vibrant, monster-wrapped can.
/SodaCan_76.png;Abyssal Beverage Behemoth;A vibrant, monstrous can with a threatening, yet whimsical, demeanor.
/SodaCan_77.png;Feral Fizz Monster;An untamed refreshment beast unleashed.
/SodaCan_78.png;Enchanted Frost Spirit;A whimsical being celebrates amidst a vibrant wintery dreamscape.
/SodaCan_79.png;Cosmic Joy Emissary;A mystical being radiates happiness across vibrant, otherworldly vistas.
/SodaCan_80.png;Cosmic Soda Sprite 2;A whimsical creature nestled in an effervescent universe-in-a-can.
/SodaCan_81.png;Cosmic Sprout Canopy;A whimsical entity basks in a vibrant, cosmic garden.
/SodaCan_82.png;Celestial Dreamer's Brew;A whimsical entity toasts the cosmos from an enchanted can.
/SodaCan_83.png;Citrus Monster Brew;Fierce flavor unleashed!
/SodaCan_84.png;Ferocious Fizz Guard;Thirst-quenching defender arises from the carbonated depths.
/SodaCan_85.png;Mystic Feathered Brew;Enigmatic owl can adorned in vibrant plumage art.
/SodaCan_86.png;Cansaurus Vibrant Roar;Vibrant beast unleashed from a can.
/SodaCan_87.png;Cosmic Soda Sentinel;A quirky guardian in an effervescent cosmos.
/SodaCan_88.png;Frosty Can Fable;A whimsical soda creature captivating frosty friends.
/SodaCan_89.png;SodaPeak Gleefulness;A can's mountainous grin.
/SodaCan_90.png;Cosmic Smiles Can;An otherworldly beverage can, brimming with joyous cosmic vistas.
/SodaCan_91.png;Celestial Sprout Harmony;Mystic creatures bask in stellar serenity.
/SodaCan_92.png;Cosmic Kinship Canister;Alien family amidst celestial swirls.
/SodaCan_93.png;Cosmic Kindred Spirits;Intergalactic family amidst cosmic waves, a glimpse into alien unity.
/SodaCan_94.png;Galactic Dreamscape Ale;A cosmic brew, swirling with stardust and whimsy.
/SodaCan_95.png;Mirthful Nature's Can;Vivid, whimsical flora dance under a moonlit sky.
/SodaCan_96.png;Cosmic Canopy Cascade;Surreal worlds unfurl in vibrant liquid dreams.
/SodaCan_97.png;Cosmic Sodapop Visions;A mystical journey in a can, where galaxies meet soda fizz.
/SodaCan_98.png;Fizzy Monster Mirth;A jolly can-creature frolics in a wintery sprite night.
/SodaCan_99.png;Monster Soda Surprise 2;An animated soda can unveiling a playful creature within a mystical landscape.
/SodaCan_100.png;Soda Monster Mirth;Quirky creature's canned joy!
/SodaCan_101.png;Gulp Monster Can;Thirst-quenching terror unleashed.
/SodaCan_102.png;Cosmic Soda Peaks;Fizzing with cosmic chill.
/SodaCan_103.png;Fizzy Peak Elixir;Enchanted soda can beneath a starlit sky.
/SodaCan_104.png;Mountain Murmur Mirth;A whimsical can encapsulating laughter and landscape.
/SodaCan_105.png;Mirthful Monster Mash;A playful clash of vibrant, quirky characters in a can!
/SodaCan_106.png;Monster Soda Surprise 1;Quirky can creature bubbling with fun!
/SodaCan_107.png;Thirsty Monster Fizz;Quenching monstrous thirsts!
/SodaCan_108.png;Aqua Monster Brew;Sip into the abyss.
/SodaCan_109.png;Fizzing Monster Brew;An eccentric can creature oozing with lively personality!
/SodaCan_110.png;Aqua Serenade Canister;Enchanted marine life dances under a moonlit symphony.
/SodaCan_111.png;Cosmic Soda Nebula;A vibrant can where cosmic waves and a cheerful star converge.
/SodaCan_112.png;Enchanted Cosmic Bloom;A vibrant can art, where cosmic whimsy meets flora.
/SodaCan_113.png;Cosmic Sodapop Dreams;Whimsical beverage can teeming with vibrant, dreamlike fantasy.
/SodaCan_114.png;Monstrous Mirth Can;Vibrant canister harboring a jovial beast within.
/SodaCan_115.png;Cosmic Soda Sprite 1;An interstellar soda-can entity frolics amidst snowy peaks.
/SodaCan_116.png;Arctic Essence Canister 1;Majestic polar sentinel, forever encased.
/SodaCan_117.png;Arctic Sentinel Brew 1;A polar guardian’s icy gaze, encapsulated in frosted metal.
/SodaCan_118.png;Arctic Sentinel Can 1;Majestic polar bear guardian, encapsulated in icy serenity.
/SodaCan_119.png;Chilled Arctic Sentinel;An imposing polar bear stands guard within a frosty canister.
/SodaCan_120.png;Arctic Majesty Canister;Frozen wilderness encapsulated.
/SodaCan_121.png;Arctic Essence Captured 1;A polar bear's spirit, forever encased in a frosted vessel.
/SodaCan_122.png;Frosted Polar Essence;A polar bear's mystical emergence from a frosted can, illuminating winter's magic.
/SodaCan_123.png;Arctic Essence Brew;A polar bear immortalized in a can, symbolizing nature's frozen purity.
/SodaCan_124.png;Arctic Essence Can 1;Polar bear's wintry spirit captured in frosted aluminum.
/SodaCan_125.png;Arctic Sovereign Can;Majestic polar bear towering over its frosty realm.
/SodaCan_126.png;Arctic Sovereign Sentinel 1;A majestic polar bear guards its icy realm.
/SodaCan_127.png;Arctic Sentinel Brew 2;Majestic polar guardian graces this frosty brew can.
/SodaCan_128.png;Arctic Sentinel Majesty;Majestic guardian of icy realms.
/SodaCan_129.png;Frost Sovereign Sentinel;Majestic bear guards icy realm.
/SodaCan_130.png;Arctic Sentinel Can 2;Majestic polar bear guards frosty wilderness.
/SodaCan_131.png;Arctic Sovereign Sentinel 2;Majestic bear guards frosty realm.
/SodaCan_132.png;Arctic Sovereign Sentinel 3;Majestic guardian of frost realms.
/SodaCan_133.png;Arctic Essence Can 2;A cub preserved in icy serenity.
/SodaCan_134.png;Arctic Can Cub;Chill in wilderness.
/SodaCan_135.png;Arctic Essence Can 3;Polar cub in a can, symbolizing frozen innocence.
/SodaCan_136.png;Arctic Essence Canister 2;Preserved polar innocence.
/SodaCan_137.png;Mystic Jungle King;Vibrant lion's spirit captured in psychedelic colors.
/SodaCan_138.png;Primal Gaze Thirst;A stoic simian's visage, encapsulated in vibrant pop art, thirsting for attention.
/SodaCan_139.png;Primal Sip Sovereign;A can cloaked in primal power, eyes ablaze with silent tales.
/SodaCan_140.png;Chromatic Canine Gaze;A vibrant, soulful stare captured amidst psychedelic swirls.
/SodaCan_141.png;Mystic Feline Aura;An enchanting, vividly colored lion's essence captured on a can.
/SodaCan_142.png;Psychedelic Primal Gaze;Mystic beast in vibrant trance.
/SodaCan_143.png;Mystic Primate Elixir 1;A vibrant symphony in a can.
/SodaCan_144.png;Mystic Spectrum Simian;Vibrant tribal mandrill, encased in artistry.
/SodaCan_145.png;Vivid Primate Elixir;A psychedelic simian vision in a can.
/SodaCan_146.png;Mystic Primate Elixir 2;Enigmatic, vibrant simian spirit captured in artful serenity.
/SodaCan_147.png;Mystic Feline Brew;Enchanting psychedelic lion can.
/SodaCan_148.png;Mystic Primal Gaze;Vibrant tribal wisdom captured in a mesmerizing artwork.
/SodaCan_149.png;Mystical Mandrill Mosaic;Vibrant soul in aluminum.
/SodaCan_150.png;Mystic Feral Brew 1;A vibrant, mystical beast invites intrigue in a liquid canvas.
/SodaCan_151.png;Mystic Primal Sip;A vibrantly psychedelic simian adorns this can, offering a taste of wild imagination.
/SodaCan_152.png;Mythical Spectrum Simian;A vibrant mandrill mystique.
/SodaCan_153.png;Mystic Lion Brew;Vibrant fusion of artistry and spirit on a can.
/SodaCan_154.png;Mystic Mandala Mane;Enigmatic lion graced with kaleidoscopic tribal artistry.
/SodaCan_155.png;Chromatic Primate Mystique;Vividly-hued simian gazes, encapsulating wild artistry.
/SodaCan_156.png;Flame-Maned Monarch;Vibrant lion king captured in a can.
/SodaCan_157.png;Floral Lion Essence;Vivid hues capture a lion's spirit amidst autumn's bloom.
/SodaCan_158.png;Prismatic Apex Can;Vibrant beast in repose, encased in aluminum.
/SodaCan_159.png;Chromatic Primal Essence;A psychedelic journey into the soul of nature's untamed spirit.
/SodaCan_160.png;Mystic Feral Brew 2;Enigmatic eyes guard the elixir within.
/SodaCan_161.png;Mystic Primal Brew;An ancient beast's gaze, mystically captured on a vibrant vessel.
/SodaCan_162.png;Mystic Mane Majesty;Vibrant lion spirit encased in artistry.
/SodaCan_163.png;Prismatic Ape Majesty;A vibrant, tribal visage—Mystique in every hue.
/SodaCan_164.png;Mystic Lion Brew;An ethereal lion, adorning vibrant wisdom, guarding the sacred elixir.
/SodaCan_165.png;Mystic Mandala Monkey;Color-drenched simian royalty: an NFT steeped in mystique.
/SodaCan_166.png;Patriotic Primate Pride;A can emblazoned with a solemn gorilla amid stars and stripes.
/SodaCan_167.png;Patriotic Primate Brew 1;Intrepid gaze captured in aluminum: freedom sips inspiration.
/SodaCan_168.png;Patriotic Primate Power 1;A striking fusion of raw strength and national spirit, encapsulated.
/SodaCan_169.png;Primate Patriot Pop;A solemn simian emblazoned with vibrant valor.
/SodaCan_170.png;Patriotic Primal Gaze 1;An intense fusion of wild spirit and bold symbolism.
/SodaCan_171.png;Primal Artistry Brew;Vibrant primal gaze encapsulated in a psychedelic liquid canvas.
/SodaCan_172.png;Patriotic Primate Ponder;Mystique in a can, where untold stories of simian sovereignty unfold.
/SodaCan_173.png;Patriotic Primate Can 1;Primal gaze wrapped in stars and stripes.
/SodaCan_174.png;Primal Gaze Canister 1;Enigmatic ape eyes enthrall, encased in vibrant artistry.
/SodaCan_175.png;Patriotic Primate Power 2;An iconic blend of Americana and animal majesty.
/SodaCan_176.png;Patriotic Primate Pint;Cosmic gorilla enshrined in star-spangled serenity.
/SodaCan_177.png;Patriotic Primate Brew 2;A stoic gorilla adorned in stars and stripes, encapsulating a wild spirit.
/SodaCan_178.png;Patriotic Primate Can 2;A stoic simian symbolizing strength and spirit.
/SodaCan_179.png;Patriotic Primate Can 3;A stirring fusion of wildlife and national pride emblazoned on aluminum.
/SodaCan_180.png;Patriotic Primate Portent;A stoic simian symbolizes untold tales of valor and enigma.
/SodaCan_181.png;Primal Gaze Elixir;Intense, mystic primate adorns a vibrant vessel.
/SodaCan_182.png;Patriotic Primate Prowess;A gaze of freedom: untamed spirit encased.
/SodaCan_183.png;Primal Gaze Canister 2;Intense simian eyes, canned wildness.
/SodaCan_184.png;Primal Sip Visionary;A brooding ape adorns this can, embodying wild wisdom and untamed spirit.
/SodaCan_185.png;Patriotic Primal Gaze 2;Mystical ape's stare captivates from a star-spangled canvas.
/SodaCan_186.png;Primal Gaze Soda;A fusion of wild instinct and pop culture.
/SodaCan_187.png;Primal Gaze Energy;A stoic simian's visage, melding wild instinct with urban flair.
/SodaCan_188.png;Primal Soda Spirit;Enigmatic simian gaze, canned.
/SodaCan_189.png;Primal Star Vessel;Cosmic energy trapped in primal gaze.
/SodaCan_190.png;Cosmic Primate Elixir;Intergalactic ape brew, star-infused vitality.
/SodaCan_191.png;Psychedelic Canine Quench;Vibrant fusion of art and loyalty in a can.
/SodaCan_192.png;Spectral Canine Canvas;A vibrant, pop-art pooch adorns this collectible can.
/SodaCan_193.png;Cosmic Canine Brew;Vibrant hues capture a starry-eyed pup's cosmic journey.
/SodaCan_194.png;Mystic Canine Canvas 1;An enigmatic fusion of tribal art and canine spirit, captured in aluminum.
/SodaCan_195.png;Cosmic Canine Canvas 1;A vibrant pug encapsulated in cosmic artistry.
/SodaCan_196.png;Vibrant Canine Elixir;Whimsical hues enliven a dog's gaze, captured in a can.
/SodaCan_197.png;Mystical Canine Canvas;Enigmatic pup adorned in tribal art, encapsulating ancestral spirits.
/SodaCan_198.png;Cosmic Canine Concoction;Vibrant pup's psychedelic swirls entice.
/SodaCan_199.png;Kaleidoscope Canine Cool;Vivid pop-art pooch on a can.
/SodaCan_200.png;Vibrant Canine Canvas;A pop-art pup in a kaleidoscope of colors, expressing the fusion of art and the digital age.
/SodaCan_201.png;Psychedelic Pup Can;Vibrant dog unleashed in colors.
/SodaCan_202.png;Spectrum Sentinel Canine;Vibrant guardian in a can.
/SodaCan_203.png;Canine Spectrum Vision;Vivid hues paint a dog's dream.
/SodaCan_204.png;Cosmic Canine Quench 1;Interstellar thirst meets vibrant guardian.
/SodaCan_205.png;Psychedelic Canine Spirit;Vibrant mandala-infused guardian.
/SodaCan_206.png;Kaleidoscope Canine Quencher;Vibrant thirst for playfulness.
/SodaCan_207.png;Chromatic Canine Quench;Vibrant thirst for artistry.
/SodaCan_208.png;Tribe Canine Canvas;Vibrant dog-inspired art-can, fusing tradition with modernity.
/SodaCan_209.png;Psychedelic Pup Can;Vibrant canine artistry in aluminum.
/SodaCan_210.png;Cosmic Canine Brew;Pop art meets mysticism in a vibrant, dog-adorned vessel.
/SodaCan_211.png;Canine Cosmic Tapestry;A vibrant pup amid a celestial floral dreamscape.
/SodaCan_212.png;Mystic Canine Canvas 2;A vibrant fusion of art and soul in a whimsical dog portrait.
/SodaCan_213.png;Psychedelic Canine Canvas;Vibrant Frenchie adorns a surreal, floral dreamscape.
/SodaCan_214.png;Mystic Canine Canvas 3;A vibrant, psychedelic portrayal of a dog's spirit.
/SodaCan_215.png;Mystic Canine Canvas 4;A soda can transformed into a tapestry of vibrant tribal dog art.
/SodaCan_216.png;Ethereal Canine Vessel;Mystic gaze from a vibrant vessel.
/SodaCan_217.png;Canine Chroma Quencher;A vibrant blend of artistry and spirit, encapsulated in a whimsical canine vessel.
/SodaCan_218.png;Cosmic Canine Canvas 2;A vivid, cosmic-spaniel fusion, encapsulating the universe's colorful wonder.
/SodaCan_219.png;Cosmic Canine Quench 2;A vibrant, psychedelic pup encapsulates thirst for the extraordinary.
/SodaCan_220.png;Canine Chroma Quench;Vivid hues capture a dog's spirit, canned in psychedelic artistry.
/SodaCan_221.png;Cosmic Canine Quencher;A psychedelic pup in a vibrant, cosmic wrapper, popping with color.
/SodaCan_222.png;Cosmic Canine Canvas 3;An artistic fusion of vibrant cosmos and stoic canine on a sleek canvas.
/SodaCan_223.png;Spectral Spaniel Swirl;A vibrant, psychedelic canine portrait.
/SodaCan_224.png;Cosmic Canine Swirl 1;A vibrant swirl of cosmic hues and canine gaze.
/SodaCan_225.png;Cosmic Canine Swirl 2;A vibrant vortex of doggy dreams captured in psychedelic artistry.
/SodaCan_226.png;Psychedelic Spaniel Swirl;Vivid canine artistry encapsulated.
/SodaCan_227.png;Cosmic Canine Canvas 4;A vibrant, soulful pup encased in psychedelic hues.
/SodaCan_228.png;Floral Raptor Gaze;Eagle spirit enshrined in vibrant bloom.
/SodaCan_229.png;Mystical Canine Cosmos;A vibrant fusion of a pensive pup amidst a psychedelic tapestry of space.
/SodaCan_230.png;Tribal Canine Canvas;Vibrant totem art fused into modern medium.
/SodaCan_231.png;Tribal Canine Spirit;Mystical guardian in vibrant hues, standing timeless in digital folklore.
/SodaCan_232.png;Canine Cosmic Canvas;Enigmatic dog adorned with vibrant cosmic patterns, exuding mystic charm.
/SodaCan_233.png;Mystic Canine Bloom;A vibrant fusion of flora and fauna in a captivating canine silhouette.
/SodaCan_234.png;Ethereal Avian Bloom;Vivid phoenix rebirth on a can.
/SodaCan_235.png;Floral Raptor Essence;Vivid blossoms merge with an eagle's gaze.
/SodaCan_236.png;Vibrant Avian Aegis;A vivid tapestry of nature's guardian, immortalized on aluminum canvas.
/SodaCan_237.png;Avian Bloom Canister;Vibrant eagle adorned with florals, encased in artistry.
/SodaCan_238.png;Blossom Raptor Can;A vibrant fusion of wild flora and avian grace, encased in aluminum art.
/SodaCan_239.png;Ethereal Avian Blossom;Vibrant eagle in floral eden.
/SodaCan_240.png;Fabled Feathered Brew;Vibrant mythic avian graces this unique artisanal can.
/SodaCan_241.png;Vivid Dreamscape Canister;Surreal colors swirl on this mesmerizing, joy-infused art can.
/SodaCan_242.png;Vibrant Avian Majesty;Feathers bloom amidst flora—artistic splendour captured.
/SodaCan_243.png;Vibrant Avian Bloom;Artistic fusion of wildlife and flora on a canvas of aluminum.
/SodaCan_244.png;Mystic Feathered Elixir;Vibrant avian fantasy captured on a mystical can.
/SodaCan_245.png;Floral Raptor Can;Vibrant fusion of wild nature and art.
/SodaCan_246.png;Mystic Dreamcatcher Eagle;Vibrant guardian spirit encased in artistry.
/SodaCan_247.png;Chromatic Avian Aura;Vividly-colored phoenix encapsulating rebirth in art.
/SodaCan_248.png;Mystic Mountain Brew;Elixir of alpine joy.
/SodaCan_249.png;Floral Phoenix Can;Vibrant fusion of nature and myth.
/SodaCan_250.png;Vibrant Avian Essence;A fusion of wildlife and artistry, encapsulated.
/SodaCan_251.png;Psychedelic Avian Elixir;Vibrant feathers bloom: a canned canvas of mystique.
/SodaCan_252.png;Vibrant Avian Elixir 1;A fusion of flora and bird, encapsulating nature's vibrant tapestry.
/SodaCan_253.png;Vibrant Avian Aura;Psychedelic hues encapsulate eagle's fierce spirit.
/SodaCan_254.png;Vibrant Avian Elixir 2;A mystical beverage can adorned with a psychedelic feathered guardian.
/SodaCan_255.png;Mystic Scaled Bloom;A can adorned with a vivid, mythical reptile amidst flourishing blooms.
/SodaCan_256.png;Mythic Serpent Canister 1;Enigmatic totem artistry encased.
/SodaCan_257.png;Psychedelic Lizard Can;Mesmerizing, vibrant lizard art encapsulated in a can.
/SodaCan_258.png;Mythic Serpent Can;Enigmatic serpent draped in tattoo art.
/SodaCan_259.png;Mystic Chameleon Canister;A psychedelic fusion of reptilian mystique in a can.
/SodaCan_260.png;Tattooed Toad Totem;Intricate patterns cloak a mystical amphibian with enigmatic allure.
/SodaCan_261.png;Mythic Draconic Brew;Unleash legendary flavors.
/SodaCan_262.png;Mystical Amphibian Aura;An enchanting totem of frog-inspired artistry and myth.
/SodaCan_263.png;Chromatic Serpent Essence;A mystical serpent adorned in vibrant tattoo artistry.
/SodaCan_264.png;Polar Can Essence;Arctic mystery in aluminum.
/SodaCan_265.png;Mystic Amphibia Enigma;A captivating, otherworldly amphibian shrouded in ornate mystique.
/SodaCan_266.png;Arctic Sentinel Can 3;Majestic polar guardian encapsulated.
/SodaCan_267.png;Arctic Essence Captured 2;Polar bear mystique, enshrined in icy blue.
/SodaCan_268.png;Arctic Sentinel Ale;Majestic bear guards frosty realms, captured on a crisp can canvas.
/SodaCan_269.png;Frost Monarch Canister;Majestic polar sentinel in a frosted realm.
/SodaCan_270.png;Arctic Essence Capsule;A polar cub's frozen sanctuary, encased in time.
/SodaCan_271.png;Arctic Can Guardian;A frosty sentinel emerges, encased in icy aluminum.
/SodaCan_272.png;Arctic Essence Vessel;A polar bear embodied in a can, capturing the frozen wilderness.
/SodaCan_273.png;Mystic Gaze Serpent;A serpent's enigmatic smile, adorned in psychedelic artistry.
/SodaCan_274.png;Chromatic Serpent Aura;Vividly inked energy encased in metal.
/SodaCan_275.png;Chromatic Chameleon Can 1;Vividly tattooed, this chameleon can radiates enigmatic allure.
/SodaCan_276.png;Chromatic Gecko Burst;Vibrant gecko magic encapsulated.
/SodaCan_277.png;Chromatic Chameleon Can 2;A vivid vessel, alive with enchanting reptilian artistry.
/SodaCan_278.png;Chromatic Chameleon Vision;A vivid, artistic chameleon merging nature with fantasy.
/SodaCan_279.png;Mythic Serpent Canister 2;Enchanted serpent-guarded vessel of secrets.
/SodaCan_280.png;Mystic Owl Canister;Enchanting tribal wisdom captured.
/SodaCan_281.png;Mystic Totem Vision;Enigmatic gaze from an intricately patterned artifact.
/SodaCan_282.png;Mystic Gaze Canister 1;Ornate enigma vessel whispers ancient tales.
/SodaCan_283.png;Mystic Canthropus Aura;Enigmatic tribal totem, alive in color.
/SodaCan_284.png;Mystic Visionary Vessel;Enigmatic tribal art dances on a canvas of curves.
/SodaCan_285.png;Mystic Totem Owl;An enigmatic owl totem, adorned with ancient wisdom.
/SodaCan_286.png;Mystic Tribal Sentinel;Vibrant guardianship etched in art.
/SodaCan_287.png;Mystic Totem Canister;Enigmatic vessel of vibrant myths.
/SodaCan_288.png;Mystic Totem Can;Tribal patterns encapsulate spirited folklore.
/SodaCan_289.png;Mystic Totem Vessel;Ancient wisdom locked in art.
/SodaCan_290.png;Mystic Mandala Toad;Intricate totem of prosperity and mystique.
/SodaCan_291.png;Mystic Gaze Canister 2;Enchanted eyes within intricate patterns.
/SodaCan_292.png;Mystic Chroma Toad;Enigmatic toad guardian of a surreal, floral realm.
/SodaCan_293.png;Mystic Mountain Toad 1;Enchanted toad guards mystical peaks, blooms eternal spring.
/SodaCan_294.png;Mystic Totem Gaze;Enigmatic guardian of digital realms.
/SodaCan_295.png;Mystic Toad Majesty;A vivid toad reigns over his surreal mountain realm.
/SodaCan_296.png;Mystic Mountain Gecko;A vibrant gecko's magical habitat.
/SodaCan_297.png;Mystic Mountain Toad 2;Enigmatic toad guardian amidst alpine blooms.
/SodaCan_298.png;Mystical Can Guardian;A vivid guardian frog overseeing mystical flora under twilight peaks.
/SodaCan_299.png;Mystical Mountain Hopper;Enchanted frog reigns over a vibrant flora kingdom.
/SodaCan_300.png;Mystic Serpent Sip;Enchanting serpent guardian of mythic brews.
/SodaCan_301.png;Mystic Mountain Toad 3;Enigmatic toad guardian of alpine blooms.
/SodaCan_302.png;Cosmic Swirl Can 1;Ethereal nebula hues trapped in a can.
/SodaCan_303.png;Cosmic Swirl Can 2;A mesmerizing cosmic dance encapsulated in aluminum.
/SodaCan_304.png;Cosmic Brew Vortex 1;Unleash the galaxy with a sip.
/SodaCan_305.png;Cosmic Brew Vortex 2;Sip the swirling galaxy.
/SodaCan_306.png;Cosmic Swirl Can 3;Interstellar liquid art.
/SodaCan_307.png;Cosmic Swirl Can 4;Interstellar dreams captured in a cosmic beverage.
/SodaCan_308.png;Cosmic Brew Vortex 3;A mesmerizing psychedelic swirl captures cosmic wonder in a can.
/SodaCan_309.png;Cosmic Brew Vortex 4;A surreal cosmic infusion, captured in an ethereal can.
/SodaCan_310.png;Cosmic Swirl Beverage;Sip the universe - a can of cosmic wonder.
/SodaCan_311.png;Cosmic Brew Essence;A can swirling with a vibrant, star-infused cosmic potion.
/SodaCan_312.png;Cosmic Swirl Can 5;An ethereal drink vessel, swirling with vibrant, interstellar colors.
/SodaCan_313.png;Cosmic Swirl Can 6;A vibrant dance of galactic hues.
/SodaCan_314.png;Cosmic Liquid Art;Swirling nebulas captured in a vibrant beverage can.
/SodaCan_315.png;Cosmic Swirl Canister 1;A vibrant vortex of cosmic hues captured in one mesmerizing can.
/SodaCan_316.png;Cosmic Beverage Vortex;Swirling nebula hues captured in a can, embodying the vibrant pulse of the cosmos.
/SodaCan_317.png;Cosmic Swirl Canister 2;A vortex of vibrant hues captured on timeless aluminum.
/SodaCan_318.png;Cosmic Swirl Soda;A mesmerizing interstellar beverage can, swirling with vibrant cosmic energy.
/SodaCan_319.png;Ferocious Fizz Fiend 1;Unleash the vibrant beast within, one sip at a time.
/SodaCan_320.png;Voracious Fizz Fiend;A monstrous can's thirsty grin.
/SodaCan_321.png;Monstrous Thirst Quencher 1;An effervescent terror encapsulated in a can!
/SodaCan_322.png;Cosmic Swirl Can 7;A kaleidoscopic vortex captured on metal.
/SodaCan_323.png;Cosmic Swirl Can 8;A drink can canvassing the vibrant dance of a galactic nebula.
/SodaCan_324.png;Psychedelic Tincture Twirl;Vivid swirls capture a cosmic dance in a can.
/SodaCan_325.png;Cosmic Brew Vortex 5;A can swirling with vibrant, galactic essence.
/SodaCan_326.png;Ferocious Thirst Quencher 1;Unleash the beast within with every sip from this wildly designed can.
/SodaCan_327.png;Serpentine Sip Fury;A vibrant, beast-wrapped beverage.
/SodaCan_328.png;Draconic Elixir Fury;Ferocious dragon essence captured in a can.
/SodaCan_329.png;Cyber-Totem Serpent;Electric mythos captured in a can.
/SodaCan_330.png;Jurassic Brew Fury;A primal roar in a can.
/SodaCan_331.png;Ferocious Thirst Quencher 2;A daring drink imbued with primal roar.
/SodaCan_332.png;Jurassic Thirst Quencher 1;Prehistoric refreshment, unleashed!
/SodaCan_333.png;Spectral Thirst Howler;An otherworldly can, thirsting for a sip.
/SodaCan_334.png;Ferocious Fizz Fury 1;Thirst-quenching terror unleashed.
/SodaCan_335.png;Ferocious Fizz Guardian 1;A vibrant can unleashes its mythical beast, guarding mystical brews within.
/SodaCan_336.png;Eldritch Brew Beast;The can's monstrous magic intrigues.
/SodaCan_337.png;Carnivorous Can Carnival;Unleash the beast within this ferociously vibrant vessel.
/SodaCan_338.png;Neon Monster Quencher;Eerie can with a vivacious, monstrous twist.
/SodaCan_339.png;Feral Fizz Fiend 1;A vibrant, monstrous can oozing with untamed energy.
/SodaCan_340.png;Ferocious Fizz Fiend 2;A can's monstrous thirst-trap.
/SodaCan_341.png;Primal Scream Canister;Ferocious street-art dino unleashes urban roar.
/SodaCan_342.png;Feral Canvortex;A vivid can where art roars alive.
/SodaCan_343.png;Carnivorous Can Monster;Ferocious thirst-quencher unleashed.
/SodaCan_344.png;Ferocious Fizz Fiend 3;Thirst-quenching terror unleashed!
/SodaCan_345.png;Ferocious Thirst Quencher 3;A vibrant beast guards liquid energy.
/SodaCan_346.png;Ferocious Can Monster;A vibrant can unleashing a beast!
/SodaCan_347.png;Cosmic Serpent Quench;A vibrant beast thirsting across galaxies.
/SodaCan_348.png;Ferocious Fizz Fury 2;Unleashed beast snarls from soda can.
/SodaCan_349.png;Neon Rex Roar;Vibrant prehistoric growl encapsulated.
/SodaCan_350.png;Ferocious Fizz Fiend 4;Unleash the beast with an effervescent growl.
/SodaCan_351.png;Infernal Thirst Quencher;Fierce, fiery refreshment incarnate.
/SodaCan_352.png;Ferocious Fizz Fury 3;A monstrous thirst-quencher!
/SodaCan_353.png;Aqua Canvased Odyssey;Vibrant underwater ballet in aluminum.
/SodaCan_354.png;Abyssal Harmony Can 1;Underwater dreamscape encapsulated.
/SodaCan_355.png;Aquatic Canvass Symphony;A vibrant underwater world encapsulated in aluminum artistry.
/SodaCan_356.png;Ferocious Thirst Quencher 4;Unleash the beastly sip!
/SodaCan_357.png;Aquafloral Serenade;Enigmatic dance of oceanic flora and fauna.
/SodaCan_358.png;Abyssal Harmony Can 2;Vivid marine life captured in a can.
/SodaCan_359.png;Abyssal Echoes Can;Vibrant marine life encased in a mystical can.
/SodaCan_360.png;Cosmic Chaos Can;Fantastical beasts in a vibrant cosmic dance.
/SodaCan_361.png;Abyssal Sip Serpent;Unleash the monster within, one gulp at a time.
/SodaCan_362.png;Fantastical Fizz Fiend;A vibrant, monstrous effervescence leaps from beyond the aluminum abyss.
/SodaCan_363.png;Abyssal Thirst Quencher 1;Sip on whimsy: unleash sea-creature chaos.
/SodaCan_364.png;Ferocious Thirst Quencher 5;A can alive with wild, thirst-ravenous beast!
/SodaCan_365.png;Abyssal Thirst Quencher 2;Mythical sea-beast's aquatic eruption.
/SodaCan_366.png;Cansaurus Monstrum Elixir;Beverage of Beasts, unleashed flavor frenzy!
/SodaCan_367.png;Ferocious Thirst Quencher 6;Unleash the beast within this vibrant, monstrous beverage.
/SodaCan_368.png;Abyssal Brew Horror;A monstrous, colorful can with a gaping maw.
/SodaCan_369.png;Soda Monster Abyss;An abyssal creature disguised as a fizzy temptation.
/SodaCan_370.png;Guzzling Gargoyle Gulp;Thirst-quenching terror in a can.
/SodaCan_371.png;Ferocious Fizz Fury 4;Beastly beverage erupts in a can!
/SodaCan_372.png;Chromatic Monster Maw;A carnivalesque canister of vibrant, voracious monstrosity.
/SodaCan_373.png;Abyssal Harmony Can 3;Whimsical marine life encased in aluminum.
/SodaCan_374.png;Mystic Beast Canister;A can transformed into a mythical creature's maw, entwining serpents lurk within.
/SodaCan_375.png;Aqua Can Odyssey;Vibrant marine life encapsulated in artful serenity.
/SodaCan_376.png;Aquatic Canopy Cosmos;Dive into a vibrant underwater odyssey encapsulated in a mystical can.
/SodaCan_377.png;Psychedelic Caniverse;A vibrant abyss of whimsical creatures, encapsulated in a can.
/SodaCan_378.png;Abyssal Brew Havoc;Chaos swirls in a can, a vibrant abyss awakens.
/SodaCan_379.png;Chromatic Kraken Can;Whimsical oceanic aberration unleashed.
/SodaCan_380.png;Psychedelic Soda Swamp;A vivid abyss of fantastical creatures swirling in chromatic harmony.
/SodaCan_381.png;Surreal Swirl Menagerie;A vivid fantasy of chaos and color captured in a can.
/SodaCan_382.png;Cosmic Beast Brew;A vibrant can of untamed mythical madness.
/SodaCan_383.png;Whimsical Chaos Brew;A psychedelic swirl of vivid fantasy.
/SodaCan_384.png;Chaos in Can;A vibrant pandemonium captured in aluminum.
/SodaCan_385.png;Psychedelic Soda Abyss;A vivid, chaotic underworld bursts from a fantastical can.
/SodaCan_386.png;Cosmic Doodle Deluge;A surreal explosion of vibrant alien graffiti.
/SodaCan_387.png;Abyssal Brew Fest;A psychedelic plunge into oceanic oddities.
/SodaCan_388.png;Soda Monster Mayhem;A vibrant can unleashing a pandemonium of whimsical creatures.
/SodaCan_389.png;Chaos Quencher Essence;A psychedelic fusion of thirsty pandemonium - uncannily vibrant!
/SodaCan_390.png;Mystical Creature Carnival;Whimsical beasts in vibrant revelry.
/SodaCan_391.png;Cosmic Brew Abyss;Surreal creatures swarm a cosmic can.
/SodaCan_392.png;Cosmic Can Conundrum;An otherworldly brew - chaos and colors encapsulated!
/SodaCan_393.png;Psychedelic CanVerse;An NFT odyssey of vibrant, surreal creatures.
/SodaCan_394.png;Psychedelic Ocean Frenzy;Surrealist sea of vibrant fantasy.
/SodaCan_395.png;Chromatic Predator Fizz;A vibrant, monstrous thirst-quencher.
/SodaCan_396.png;Monstrous Thirst Quencher 2;Surreal beverage can unleashes vibrant beastly appetite.
/SodaCan_397.png;Jurassic Quench Predator;Ferocious thirst, ancient roar!
/SodaCan_398.png;Ferocious Thirst Quencher 7;Unleash the beast within, one sip at a time.
/SodaCan_399.png;Jurassic Gulp Genesis;Prehistoric thirst unleashed!
/SodaCan_400.png;Jurassic Thirst Quencher 2;Ferocious sip of prehistory.
/SodaCan_401.png;Voracious Can Monster;Thirsty? Encounter a vivid beast of flavor!
/SodaCan_402.png;Jurassic Brew Fury;Fierce sips await!
/SodaCan_403.png;Mythic Can Serpent;Ferocious guardian unleashed from a mystical beverage.
/SodaCan_404.png;Mythic Canine Elixir;A ferocious, mystic brew—uncap the beast within.
/SodaCan_405.png;Mythic Can Dragon;Mystical brew guardian.
/SodaCan_406.png;Mythic Draconic Brew;Ferocious dragon-guarded elixir.
/SodaCan_407.png;Thirsty Myths Unleashed;Fantasy unleashed in effervescent artistry.
/SodaCan_408.png;Ferocious Thirst Quencher 8;Unleash the beastly flavor!
/SodaCan_409.png;Primal Sip Fury;Quenching Jurassic thirst.
/SodaCan_410.png;Mythical Thirst Quencher;Unleash legendary sips.
/SodaCan_411.png;Psychedelic Monster Brew;A vibrant concoction of wild, monstrous imagination.
/SodaCan_412.png;Chromatic Tentacle Brew;Vivid surrealism in a can.
/SodaCan_413.png;Spectral Soda Seas;Dive into a carbonated ocean of whimsical nightmares, fizzing with vibrant mayhem.
/SodaCan_414.png;Mythic Monster Mash;A jar teeming with vibrant, chaotic creatures.
/SodaCan_415.png;Psychedelic Monster Brew;Vibrant creatures trapped in a can.
/SodaCan_416.png;Chaos Concoction Canister;A vibrant abyss of untamed creatures.
/SodaCan_417.png;Cosmic Brew Odyssey;A fantastical voyage bottled in vibrant imagination.
/SodaCan_418.png;Psychedelic Canis Vortex;A vibrant vortex swirls within a mythic wolf's gaze.
/SodaCan_419.png;Chromatic Howl Brew;A vibrant, mystical wolf spirit captured in liquid art form.
/SodaCan_420.png;Cosmic Canine Canvas 5;Vibrant wolf spirit encapsulated in psychedelic artistry.
/SodaCan_421.png;Ferocious Flame Feline;A vivid, fiery roar encased.
/SodaCan_422.png;Chromatic Beast Brew;Vivid fury in a can—unleash the colors.
/SodaCan_423.png;Vibrant Howl Spectrum;A can emblazoned with a brilliantly colored, ferocious wolf spirit.
/SodaCan_424.png;Mystic Feral Brew 3;Enigmatic elixir guarded by a vibrant, wild spirit.
/SodaCan_425.png;Cosmic Canine Convergence;Vibrant astral wolf unleashed.
/SodaCan_426.png;Mythic Beast Brew;Fiery spirit captured in art.
/SodaCan_427.png;Ferocious Thirst Quencher 9;Sip the wild fury.
/SodaCan_428.png;Blossoming Serenity Dream;Ethereal beauty entwined in vibrant flora.
/SodaCan_429.png;Eternal Blossom Dreams;A surreal fusion of beauty and flora, immortalized in art.
/SodaCan_430.png;Astral Blossom Elegance;Enigmatic beauty blooms amidst cosmic serenity.
/SodaCan_431.png;Aquaflora Siren Can;Enchanting aquatic beauty blooms.
/SodaCan_432.png;AquaVivid Dreamer;Whimsical mermaid graces a mystic can.
/SodaCan_433.png;Feral Fizz Fury 1;Untamed energy unleashed in artful aluminum.
/SodaCan_434.png;Chromatic Mystic Gaze;Enchanting can artistry.
/SodaCan_435.png;Chromatic Chameleon Can 3;Vivid hues cloak this enigmatic, pop-art gecko.
/SodaCan_436.png;Psychedelic Chameleon Can;Vibrant fusion of art and illusion.
/SodaCan_437.png;Ferocious Fizz Fury 5;Can of cosmic rage.
/SodaCan_438.png;Psychedelic Soda Serpent;Vibrant fusion of myth and modernity.
/SodaCan_439.png;Ethereal Bloom Smile;Evoke the mystique of a joyful spirit adorned with floral grace.
/SodaCan_440.png;Chromatic Serpent Sip 1;A mythical, vibrant dragon encases this mystical beverage.
/SodaCan_441.png;Chameleon Canvass Can;A vibrant, psychedelic chameleon cloaked in artistry.
/SodaCan_442.png;Feral Fizz Fury 2;Unleashed energy in a can.
/SodaCan_443.png;Chromatic Chameleon Can 4;Vividly-hued, mystical creature adorning a can.
/SodaCan_444.png;Gecko Garden Brew;Mystical gecko guards secret nectar.
/SodaCan_445.png;Mystic Totem Quencher;Enchanted vessel, storytelling in hues.
/SodaCan_446.png;Mystical Visionary Totem;A vibrant totem of wisdom.
/SodaCan_447.png;Arboreal Alchemy Ale;Enigmatic brew of nature's intricate enchantment.
/SodaCan_448.png;Ethereal Arbor Abbey;Mystical sanctuary entwined in timeless, fiery groves.
/SodaCan_449.png;Arboreal Sanctuary Can;Ethereal forest engulfs mystical urban oasis.
/SodaCan_450.png;Mystic Arbor Canister;Intricate arboreal etchings encase mystical liquid lore.
/SodaCan_451.png;Mountain Stream Serenity;Unwind in illustrated tranquility.
/SodaCan_452.png;Midnight Arbor Essence;Enigmatic twilight, encapsulated.
/SodaCan_453.png;Eerie Brew Canister;Hauntingly carved, endless night.
/SodaCan_454.png;Aquafloral Elegance Canister;Mesmerizing koi dance among blooming aquatics.
/SodaCan_455.png;Tropical CanScape;Lush paradise in aluminum.
/SodaCan_456.png;Vivid Oni Vessel;An electrifying fusion of folklore and pop art.
/SodaCan_457.png;Sundown Sailing Serenity;Tranquil sails at sunset, embodying peace.
/SodaCan_458.png;Sundown Sail Can;A serene sailboat journey captured on a can, basking in twilight's glow.
/SodaCan_459.png;Sailor's Sunset Brew;Crisp sailboat against an amber sundown – a voyage in a can.
/SodaCan_460.png;Feral Fizz Fiend 2;Unleash the beast within the can!
/SodaCan_461.png;Ferocious Fizz Fury 6;Unleashed soda monster.
/SodaCan_462.png;MechSaur Dynamo;Cyber-dinosaur unleashed.
/SodaCan_463.png;Eternal Midnight Brew;Gothic allure encapsulated.
/SodaCan_464.png;Ghastly Gulp Gargoyle;A monstrous can unleased.
/SodaCan_465.png;Graffiti Gobble Can;Urban art comes alive, hungry for chaos.
/SodaCan_466.png;Crimson Necropolis Brew;A macabre dance of death and decay, hauntingly encapsulated under a blood moon.
/SodaCan_467.png;Gargantuan Gulp Ghoul;A monstrous thirst-quencher.
/SodaCan_468.png;Crimson Eclipse Mausoleum;A haunting twilight over an eerie, skull-littered gothic realm.
/SodaCan_469.png;Crimson Ecliptic Requiem;Eternal love amidst gothic twilight.
/SodaCan_470.png;Crimson Twilight Requiem;Eternal rest under a haunted moon.
/SodaCan_471.png;Crimson Moonlit Requiem;A haunting castle under a blood-red moon.
/SodaCan_472.png;Crimson Phantom Brew;Elixir of eternal night, housed in gothic artistry.
/SodaCan_473.png;Crimson Macabre Brew;Haunting fusion of gothic allure and spectral whispers in a can.
/SodaCan_474.png;Gremlin Soda Surprise;Thirst-quenching terror pop!
/SodaCan_475.png;Crimson Nocturne Can;Haunted castle encapsulated in a chilling, moonlit brew.
/SodaCan_476.png;Jungle Majesty Canister;Fierce elegance captured in artful fauna.
/SodaCan_477.png;Jungle Essence Canister 1;Majestic tiger spirit, captured in vibrant jungle flora.
/SodaCan_478.png;Jungle Can Majesty 1;Fierce gaze embossed, nature's king canned.
/SodaCan_479.png;Jungle Can Majesty 2;Feline prowess encased in art.
/SodaCan_480.png;TigerSoda Roar;Unleash the beast within - a ferocious blend of art and energy.
/SodaCan_481.png;Cosmic Tiger Brew;Enigmatic tiger adorning the stars.
/SodaCan_482.png;Stargazer Sovereign Brew;Mystical tiger adorns cosmic elixir.
/SodaCan_483.png;Tiger Swirl Essence 1;Fierce elegance captured in artful swirls.
/SodaCan_484.png;Tiger Essence Vessel;Ferocious grace in artful aluminum.
/SodaCan_485.png;Tiger Fizz Roar;Vibrant jungle energy captured in an effervescent can.
/SodaCan_486.png;Tiger Swirl Canister 1;Majestic tiger entwined with vibrant, flowing artistry.
/SodaCan_487.png;Ferocious Can Roar;Unleash the wild within.
/SodaCan_488.png;Ferocity Fizz Roar;A can emblazoned with primal power.
/SodaCan_489.png;Feral Brew Roar;Unleashed tiger spirit, captured in an iron vessel.
/SodaCan_490.png;Tiger's Roaring Elixir;Ferocious thirst-quencher unleashed.
/SodaCan_491.png;Feral Brew Rage;Untamed spirit encased, roar in every sip.
/SodaCan_492.png;Feral Fizz Roar;Unleashed energy in a can.
/SodaCan_493.png;Ferocity Unleashed Can;Primal roar encased - collectible vigor.
/SodaCan_494.png;Tiger Swirl Essence 2;Stylized tiger adorns a vibrant, mystical can.
/SodaCan_495.png;AquaTiger Essence;Ferocity canned in waves.
/SodaCan_496.png;Cosmic Tiger Essence;Vibrant fusion of wild spirit and cosmic swirls.
/SodaCan_497.png;Cosmic Tigress Graffiti;Vibrant jungle spirit encapsulated in cosmic swirls.
/SodaCan_498.png;Feral Fluidity Can;Majestic tiger merges with liquid artistry.
/SodaCan_499.png;Tiger Swirl Canister 2;A vivid tiger emerges from abstract swirls, encapsulating wild elegance.
/SodaCan_500.png;Ferocity Fizz Can;Unleash the roar within.
/SodaCan_501.png;Jungle Sovereign Sip;Fierce elegance encapsulated.
/SodaCan_502.png;Jungle Essence Canister 2;Fierce gaze captured in artful stillness.
/SodaCan_503.png;Jungle Essence Canister 3;Feral gaze encased.
/SodaCan_504.png;Jungle Majesty Can;A vibrant can cloaked in the fierce gaze of the wild tiger.
/SodaCan_505.png;Astral Tiger Surge;Ethereal feline spirit captured in cosmic swirls.
/SodaCan_506.png;Jungle Essence Vessel;Fierce elegance captured in can.
/SodaCan_507.png;Urban Oasis Brew 1;A vibrant, illustrated can captures the spirit of city life entwined with nature.
/SodaCan_508.png;Urban Flora Flight;Ethereal koi soars over a bloom-engulfed cityscape.
/SodaCan_509.png;Urban Oasis Can 1;Fizzy dreams amidst concrete blooms.
/SodaCan_510.png;Urban Koi Haven;A vivid koi swims through a stylized cityscape, where concrete meets nature.
/SodaCan_511.png;Tropical Serenity Can 1;Sunset-hued can encapsulating a tranquil paradise.
/SodaCan_512.png;Tropical Can Serenity 1;Sunset bliss in a metallic canvas—art and nature's fusion.
/SodaCan_513.png;Mariner's Mythos Can;Oceanic lore encapsulated in aluminum, a siren's call in art form.
/SodaCan_514.png;Oceanic Starfall Brew;An aquatic ballet wrapped in a can, where stars dive and waves dance.
/SodaCan_515.png;Tropical Canvased Waves;Island spirit captured on a can: a sip of oceanic adventure.
/SodaCan_516.png;Tropical Canopy Dreams;Evoke the tropics with lush botanicals on a sleek canister.
/SodaCan_517.png;Tropical Sundown Brew;A vibrant can blending ocean vibes with sunset serenity.
/SodaCan_518.png;Aquaflora Serenity Can;An exquisite goldfish swims among tranquil floral waters.
/SodaCan_519.png;Crimson Koi Waves;Elegant aquatic dance immortalized on aluminum canvas.
/SodaCan_520.png;Aquaflora Koi Harmony 1;Elegance encased: a serene, aquatic dance.
/SodaCan_521.png;Aquatic Elegance Essence;Ornate koi graces oceanic flora.
/SodaCan_522.png;Aquaflora Koi Fantasy;Vivid koi swims amidst blossoming flora on a magical can.
/SodaCan_523.png;Aquaflora Koi Harmony 2;Ethereal koi swims among blossoms, encapsulating serenity.
/SodaCan_524.png;Aquaflora Elegance;Ethereal koi swims through blooming aquatic fantasy.
/SodaCan_525.png;Aurora Carp Can;Vibrant koi swims in a floral sea, captured in a can.
/SodaCan_526.png;Aquatic Blossom Vessel;Elegant koi swims amidst floral serenity.
/SodaCan_527.png;Aquaflora Serenity Swim;Vibrant koi bathes in floral elegance.
/SodaCan_528.png;Aquatic Can Artistry;Vivid koi fish dance on a surreal aquatic can canvas.
/SodaCan_529.png;Aurora Koi Blossom;Ethereal aquatic artistry, serenely encapsulated.
/SodaCan_530.png;Cartographic Quencher Odyssey 1;Thirst for exploration? Sip the journey!
/SodaCan_531.png;Urban Thirst Quencher;A beverage container cloaked in the intricate urban tapestry.
/SodaCan_532.png;Cartographic Quencher 1;Sip the city's essence.
/SodaCan_533.png;Cartographic Quench 1;Antique maps wrap thirst, blending history with modern sips.
/SodaCan_534.png;Cartographic Quencher 2;A journey in a sip.
/SodaCan_535.png;Cartographic Quencher 3;A beverage mapping journeys.
/SodaCan_536.png;Cartographic Thirst Quencher;Sip the cityscape: a beverage can mapped with urban intrigue.
/SodaCan_537.png;Cartographic Quench 1;Sip the city's essence.
/SodaCan_538.png;Cartographic Quencher 4;Thirst for exploration.
/SodaCan_539.png;Cartographic Quencher Odyssey 2;A can emblazoned with journeys past—sip the essence of exploration.
/SodaCan_540.png;Cartographic Quencher 5;Thirst for adventure? Sip the world!
/SodaCan_541.png;Urban Circuitry Quencher;Thirst for exploration captured in aluminum.
/SodaCan_542.png;CartographiCan Voyage;Explore liquid highways in a can.
/SodaCan_543.png;Tropical Canopy Cascade;A can's journey through paradise.
/SodaCan_544.png;Tropical Serenity Can 2;An effervescent fusion of flora and sea, capturing nature's tranquility.
/SodaCan_545.png;Tropical Sunset Serenade;Capturing twilight's dance amid floral waves.
/SodaCan_546.png;Sundowner Serenity Sip;Tropical oasis on a can: a sunset drink of dreams.
/SodaCan_547.png;Tropical Serenity Can 3;Harmony in a can: a lush, vibrant escape.
/SodaCan_548.png;Aquaflora Serenade;A fusion of ocean waves and blossoming flowers, encapsulating nature's harmony.
/SodaCan_549.png;Sunset Siren's Can;Oceanic artistry adorning a sun-kissed sea.
/SodaCan_550.png;Tropical Can Serenity 2;An artful blend of sea, flora, and serenity in a can.
/SodaCan_551.png;Tropical Canopy Harmony;A vivid tapestry of nature's symphony, captured on a serene, exotic canvas.
/SodaCan_552.png;Tropical Can Artistry;An oasis dreamscape wrapped around a can, fusing nature's palette with exotic serenity.
/SodaCan_553.png;Tropical CanScape;Sunset hues in a can.
/SodaCan_554.png;Tropical Serenity Brew;Sip the essence of a tranquil paradise.
/SodaCan_555.png;Urban Oasis Can 2;Cityscape meets nature on vibrant canvas.
/SodaCan_556.png;Crimson Cityscape Elixir;Urban dreams swirl in a can.
/SodaCan_557.png;Urban Koi Dreams 1;Vibrant dreamscape of a koi fish merging with the city's heartbeat.
/SodaCan_557.png;Urban Koi Dreams 2;Surreal cityscape meets vibrant aquatic life in a can.
/SodaCan_558.png;Urban Sunset Sip;Twilight harmony in a can.
/SodaCan_559.png;Urban Oasis Dreams;Metropolis merges with nature, encapsulated in a can.
/SodaCan_560.png;Urban Sip Serenity;A tranquil cityscape enveloped in a can.
/SodaCan_561.png;Urban Oasis Brew 2;Cityscape in a can.
/SodaCan_562.png;Urban Oasis Brew 3;A serene cityscape captured on a crafty can.
/SodaCan_563.png;Urban Oasis Can 3;A beverage can depicting a vibrant cityscape with a splash of nature's escape.
/SodaCan_564.png;Tentacle Canoodle Can;Vibrant abyss of swirling tentacles.
/SodaCan_565.png;Tentacle Swirl Can;A vibrant abyss in a can.
/SodaCan_566.png;Psychedelic Liquid Container;A vibrant, surreal can alive with mesmerizing patterns.
/SodaCan_567.png;Abyssal Soda Menace;An enigmatic can unleashes a psychedelic cephalopod fantasy.
/SodaCan_568.png;Cyclopean Soda Monster;Vibrant tentacle chaos engulfs a can.
/SodaCan_569.png;PsychedeLique Tentacool;Intricate tentacles wrap a mystical can.
/SodaCan_570.png;Psychedelic Vision Can;A surreal, eye-popping vessel.
/SodaCan_571.png;Visionary Vortex Can;A mesmerizing swirl of art, awakening imagination with each gaze.
/SodaCan_572.png;Psychedelic Vision Canister;A mesmerizing kaleidoscope of colors emblazons this captivating piece.
/SodaCan_573.png;Psychedelic Sip Specter;Eerie elixir, vibrant haunts.
/SodaCan_574.png;Psychedelic Sip Serenade;A vivid dance of mythical flavors.
/SodaCan_575.png;Spectral Sip Serpent;An ornate can springs to life with vibrant, monstrous elegance.
/SodaCan_576.png;Psychedelic Gaze Can;Vibrant abyss in aluminum.
/SodaCan_577.png;Psychedelic Vision Elixir;Eerie canister adorned with hypnotic, otherworldly gazes.
/SodaCan_578.png;Tentacled Canister Delirium;Inky dread grins from a psychedelic abyss.
/SodaCan_579.png;Psychedelic Oceanic Gaze;An enthralling voyage through mystical marine madness.
/SodaCan_580.png;Arboreal Elixir Can;Eternal grove encapsulated in golden serenity.
/SodaCan_581.png;Verdant Canopy Vessel;An eternal tree thrives, encased in golden artistry.
/SodaCan_582.png;Arboreal Harmony Can;Mystical fusion of nature and artifact.
/SodaCan_583.png;Arboreal Elixir Essence;A beverage can transformed into a lush, living forest tableau.
/SodaCan_584.png;Arboreal Brew Essence;An enchanting fusion of nature and craftsmanship.
/SodaCan_585.png;Arboreal Elixir Vessel;A mystical tree-infused potion jar, symbolizing nature's enchanting essence.
/SodaCan_586.png;Arboreal Essence Vessel;Can embracing ancient trees, a living vessel of time.
/SodaCan_587.png;Gilded Arboreal Relic;A majestic tree encapsulates nature's timeless beauty.
/SodaCan_588.png;Tentacle Tangle Flask;Oceanic enigma encased.
/SodaCan_589.png;Chromatic Cephalopod Canister;Vibrant tendrils entwine in a dance of color and mystery.
/SodaCan_590.png;Kraken Can Canvas;A vivid can teeming with mythical sea life.
/SodaCan_591.png;Octopus Embrace Canister;Tentacled guardian of deep-sea secrets.
/SodaCan_592.png;Cosmic Cephalopod Canister;Hypnotic aquatic entity embracing a cosmic swirl.
/SodaCan_593.png;Psychedelic Fauna Brew;Entrancing, vibrant can art blossoms with a surreal wildlife twist.
/SodaCan_594.png;Abyssal Brew Vortex;Surreal can entwining sea's mysteries.
/SodaCan_595.png;Psychedelic Sip Symphony;An enthralling blend of vibrant swirls, crafting a visual taste sensation.
/SodaCan_596.png;Tentacle Can Euphoria;A mesmerizing aquatic dance, eternally captured.
/SodaCan_597.png;Abyssal Sip Bloom;Vivid jellyfish tendrils enwrap the vessel of the deep.
/SodaCan_598.png;Chromatic Serpent Sip 2;Vibrant reptilian graffiti enfolds a mysterious vessel.
/SodaCan_599.png;Sunset Sail Serenity 1;A tranquil voyage under a vast, amber sky.
/SodaCan_600.png;Sunset Sails Silhouette;Serene nautical twilight captured in a can.
/SodaCan_601.png;Sundown Sails Serenity;A tranquil sunset voyage.
/SodaCan_602.png;Sunset Sails Serenity;A tranquil voyage at dusk, where sea meets the amber sky.
/SodaCan_603.png;Sunset Sailing Serenity;A tranquil sailboat journey as the sun dips low, painting the sky in warm hues.
/SodaCan_604.png;Sailor's Twilight Can;A serene voyage at dusk, captured on a surreal beverage can.
/SodaCan_605.png;Sailor's Soda Seascape 1;A whimsical fusion of sailing serenity and pop art on a can.
/SodaCan_606.png;Soda Seascape Serenity;A tranquil voyage encapsulated in vibrant, liquid artistry.
/SodaCan_607.png;Sailing Sunset Sip;Crisp voyage bound in a can.
/SodaCan_608.png;Crimson Sail Twilight 1;Sail into sunset's embrace amidst tranquil seas and fiery skies.
/SodaCan_609.png;Sunset Sail Serenity 2;A tranquil voyage at dusk, captured in vibrant hues.
/SodaCan_610.png;SodaCan Seascape Sail;A refreshing blend of art, where a soda can horizon meets a sailboat's journey.
/SodaCan_611.png;Sailor's Soda Seascape 2;Effervescent waves, crimson skies, encapsulated adventure.
/SodaCan_612.png;Sundown Sailing Can 1;Crimson sky sail voyage.
/SodaCan_613.png;Serene Sunset Sail;Sailboat's tranquil journey under a vibrant sunset sky.
/SodaCan_614.png;Sundown Sailing Saga;A serene sailboat journey under a majestic, radiant sunset.
/SodaCan_615.png;Twilight Sail Serenity;A tranquil sailboat drifts under a warm, glowing sunset.
/SodaCan_616.png;Crimson Sail Twilight 2;Serene sunset voyage encapsulated.
/SodaCan_617.png;Crimson Sail Twilight 3;Sailboat's sunset journey on a dreamy soda sea.
/SodaCan_618.png;Soda Seascape Voyage;A liquid odyssey, encapsulating adventure in a can.
/SodaCan_619.png;Visionary Seascape Voyage;Sail under the watchful cosmic eye, where horizons and perceptions blend.
/SodaCan_620.png;Voyage Observer Can;Surreal seascape on a can, overseen by a vigilant eye.
/SodaCan_621.png;Voyage of Observation;A surreal sail through watching eyes.
/SodaCan_622.png;Sailor's Canvased Dreams;Seascape artistry on a can, where dreams set sail.
/SodaCan_623.png;Nautical Twilight Can;Sail into sunset's embrace, encased in an artful can.
/SodaCan_624.png;Sailwave Soda Seascape;Encapsulated ocean adventure in a can, sail into the horizon!
/SodaCan_625.png;Sundown Sailing Can 2;Vivid maritime dreamscape captured on a canvas of aluminum.
/SodaCan_626.png;Psychedelic Elixir Vessel;A mesmerizing canister, alive with swirling, vibrant artistry.
/SodaCan_627.png;Tribal Elixir Can;A vibrant fusion of ancient motifs and modern allure.
/SodaCan_628.png;Kaleidoscope Canister Essence;Intricate symphony of colors, encapsulating vibrancy.
/SodaCan_629.png;Cosmic Mandala Can;A mesmerizing vessel where art meets the cosmos.
/SodaCan_630.png;Mystic Elixir Can;Enigmatic art imbues this vessel with cosmic energy.
/SodaCan_631.png;Cosmic Brew Talisman;Mystical elixir encased in vibrant, cosmic art.
/SodaCan_632.png;Mystic Fervor Can;Ornate vessel of vibrant mythos.
/SodaCan_633.png;Mystic Mandala Can 1;Intricate mandala art on a sleek can—symbolism in aluminum.
/SodaCan_634.png;Mystic Mandala Can 2;Intricate mandala art on a can, radiating mystical energy.
/SodaCan_635.png;Abyssal Swirl Can;Mystic depths captured in intricate spirals.
/SodaCan_636.png;Mandala Essence Vessel;An intricate mandala-adorned can, radiating spiritual energy.
/SodaCan_637.png;Mystic Can Serpent;An intricately patterned serpent enwraps a can, symbolizing ancient mystique.
/SodaCan_638.png;Mystic Mandala Can 3;Ethereal swirls enshroud a cryptic artifact.
/SodaCan_639.png;Crimson Mechanoskull;Intricate cyber-spirit totem.
/SodaCan_640.png;Cursed Crimson Can;A bewitched vessel throbs with ancient, bound spirits.
/SodaCan_641.png;Mystical Brew Guardian;Enigmatic can, ancient protectors' gaze.
/SodaCan_642.png;Mystic Brew Vessel;Enigmatic can, adorned with ancient spirits.
/SodaCan_643.png;Mystic Cyber Totem;Futuristic relic infused with ancestral spirits.
/SodaCan_644.png;Steampunk Brew Guardian;Intricately designed, a metallic sentinel safeguards ancient liquid alchemy.
/SodaCan_645.png;Baroque Skull Vessel 1;Intricately adorned, mystical relic.
/SodaCan_646.png;Eldritch Crimson Can;A can imbued with arcane horror.
/SodaCan_647.png;Eternal Gaze Canister 1;Mystical relic, imprisoning ancient souls.
/SodaCan_648.png;Crimson Mystic Brew;Elixir vessel harboring ancient spirits.
/SodaCan_649.png;Mystic Brewskull;Elixir housed in haunted artistry.
/SodaCan_650.png;Eternal Elixir Vessel 1;Mystic brew canister, eternal rest.
/SodaCan_651.png;Eternal Elixir Vessel 2;Mystical brew canister of immortality.
/SodaCan_652.png;Baroque Skull Vessel 2;Elegant meets eerie - an ornate container of secrets.
/SodaCan_653.png;Crimson Skull Elixir 1;Mystical brew encased in ornate eternity.
/SodaCan_654.png;Mythic Brew Master;Elixir of ancient legends.
/SodaCan_655.png;Eternal Gaze Libation;Mystical brew vessel, enthralling ancient spirits.
/SodaCan_656.png;Elixir Ancestral Armor;A mystic brew guarded by ancestral spirits.
/SodaCan_657.png;Eternal Gaze Brew 1;A mystical can where art meets eternity.
/SodaCan_658.png;Crimson Skull Elixir 2;Mysterious brew encased in a hauntingly ornate vessel.
/SodaCan_659.png;GrimVisage Brew;Elixir encased in malevolent artistry.
/SodaCan_660.png;Eternal Gaze Brew 2;Sip the mystic essence, where immortal eyes witness eternity.
/SodaCan_661.png;Mystic Oculus Reliquary;An ancient vessel with a bewitching gaze, bound by arcane artistry.
/SodaCan_662.png;Crimson Skull Brew 1;Elixir of immortality, encased in demonic artistry.
/SodaCan_663.png;Crimson Skull Brew 2;Elixir sealed within an ominous, arcane vessel.
/SodaCan_664.png;Ethereal Crimson Gaze;A mystical vessel with an entrancing stare.
/SodaCan_665.png;Ethereal Crimson Skull;A mystical skull forged in arcane elegance, radiating enigmatic energy.
/SodaCan_666.png;Ethereal Crimson Visage;A can emblazoned with a haunting, spectral skull.
/SodaCan_667.png;Eldritch Beverage Relic;Mystic elixir's vessel, everlastingly sealed.
/SodaCan_668.png;Eternal Gaze Canister 2;Mystical vessel guarding timeless secrets.
/SodaCan_669.png;Ethereal Skull Brew;Elixirs of immortality sealed within.
/SodaCan_670.png;Cybernetic Skullbrew 1;Mystic elixir vessel, digital afterlife essence.
/SodaCan_671.png;Cybernetic Skullbrew 2;Futuristic fusion of art and eerie.
/SodaCan_672.png;Crimson Skull Elixir 3;Enigmatic potion canister, whispers of ancient mystique.
/SodaCan_673.png;Crimson Skull Brew 3;Elixir of the Netherworld awaits.
/SodaCan_674.png;Arboreal Canopy Core;A harmonious fusion of nature and technology encased in gold.
/SodaCan_675.png;Ethereal Gaze Elixir;Mystic brew encased in vibrant afterlife artistry.
/SodaCan_676.png;Ethereal Skull Brew;Mystic potion encased in vibrant macabre artistry.
/SodaCan_677.png;Ethereal Gaze Brew;Mystic potion encapsulated in artful skull can.